/*
Navicat MySQL Data Transfer

Source Server         : 47.96.157.179
Source Server Version : 50626
Source Host           : localhost:3306
Source Database       : hiread

Target Server Type    : MYSQL
Target Server Version : 50626
File Encoding         : 65001

Date: 2018-02-24 14:42:42
*/

SET FOREIGN_KEY_CHECKS=0;

-- ----------------------------
-- Table structure for hi_user_address_merge
-- ----------------------------
DROP TABLE IF EXISTS `hi_user_address_merge`;
CREATE TABLE `hi_user_address_merge` (
  `ID` int(10) unsigned NOT NULL,
  `Uid` int(10) unsigned NOT NULL DEFAULT '0' COMMENT '用户ID',
  `Name` varchar(180) NOT NULL DEFAULT '' COMMENT '收货人姓名',
  `Mobile` varchar(12) NOT NULL DEFAULT '' COMMENT '手机号码',
  `ProvinceId` int(5) unsigned NOT NULL DEFAULT '0' COMMENT '省',
  `CityId` int(5) unsigned NOT NULL DEFAULT '0' COMMENT '市',
  `AreaId` int(5) unsigned NOT NULL DEFAULT '0' COMMENT '地区',
  `Province` varchar(30) NOT NULL DEFAULT '' COMMENT '省份名称',
  `City` varchar(30) NOT NULL DEFAULT '' COMMENT '城市名称',
  `Area` varchar(30) NOT NULL DEFAULT '' COMMENT '地区名称',
  `Address` varchar(200) NOT NULL DEFAULT '' COMMENT '收货地址',
  `Default` tinyint(3) unsigned NOT NULL DEFAULT '0' COMMENT '是否是默认地址（0：不是1：是）',
  `isMerge` tinyint(1) DEFAULT '0' COMMENT '是否合并，1：是，0：否',
  PRIMARY KEY (`ID`,`Uid`),
  KEY `UD` (`Uid`,`Default`) USING BTREE,
  KEY `isMerge` (`isMerge`)
) ENGINE=MyISAM AUTO_INCREMENT=5 DEFAULT CHARSET=utf8;

-- ----------------------------
-- Records of hi_user_address_merge
-- ----------------------------
INSERT INTO `hi_user_address_merge` VALUES ('1', '50', '张成', '18611969206', '110000', '110100', '110105', '北京市', '市辖区', '朝阳区', '管庄新村7号楼二单元1804', '0', '0');
INSERT INTO `hi_user_address_merge` VALUES ('2', '40', '高非', '13871446599', '420000', '420100', '420112', '湖北省', '武汉市', '东西湖区', '马池北路黄金海岸银海苑', '0', '0');
INSERT INTO `hi_user_address_merge` VALUES ('3', '70', 'coco', '13917899946', '310000', '310100', '310115', '上海市', '市辖区', '浦东新区', '银城中路8号 3006', '0', '0');
INSERT INTO `hi_user_address_merge` VALUES ('4', '60', '111', '18616212507', '310000', '310100', '310105', '上海市', '市辖区', '长宁区', '1111', '0', '0');
INSERT INTO `hi_user_address_merge` VALUES ('5', '80', '杜玉珍', '18616356585', '310000', '310100', '310105', '上海市', '市辖区', '长宁区', '娄山关路470弄12号501', '1', '0');
INSERT INTO `hi_user_address_merge` VALUES ('1', '31', '朱德华', '13129912880', '420000', '420100', '420102', '湖北省', '武汉市', '江岸区', '兴业路日月星城小区1栋一单元1003', '0', '0');
INSERT INTO `hi_user_address_merge` VALUES ('2', '41', '胡春', '13886116706', '420000', '420100', '420101', '湖北省', '武汉市', '市辖区', '球场村二号绿茵仁居b座1401', '0', '0');
INSERT INTO `hi_user_address_merge` VALUES ('3', '51', '孙先生', '13701152717', '110000', '110100', '110101', '北京市', '市辖区', '东城区', '菊儿胡同19号院412丙', '0', '0');
INSERT INTO `hi_user_address_merge` VALUES ('4', '61', '200040', '13052320237', '310000', '310100', '310104', '上海市', '市辖区', '徐汇区', '234234', '0', '0');
INSERT INTO `hi_user_address_merge` VALUES ('5', '71', '李玲芳', '15800545600', '310000', '310100', '310115', '上海市', '市辖区', '浦东新区', '兰谷路2188弄', '1', '0');
INSERT INTO `hi_user_address_merge` VALUES ('1', '22', 'asdf', '13526378716', '110000', '110100', '110102', '北京市', '市辖区', '西城区', 'asdf', '0', '0');
INSERT INTO `hi_user_address_merge` VALUES ('2', '32', '西西', '17610000131', '110000', '110100', '110105', '北京市', '市辖区', '朝阳区', '西大望路28号', '0', '0');
INSERT INTO `hi_user_address_merge` VALUES ('3', '42', '李俊燕', '18612615967', '110000', '110100', '110105', '北京市', '市辖区', '朝阳区', '朝阳管庄万象新天2区220楼2单元201', '0', '0');
INSERT INTO `hi_user_address_merge` VALUES ('4', '72', '赵新玲', '13817326022', '610000', '610400', '610402', '陕西省', '咸阳市', '秦都区', '世纪大道秦阳花园西区21号楼2单元', '1', '0');
INSERT INTO `hi_user_address_merge` VALUES ('1', '33', '王瑛琳', '13718055881', '110000', '110100', '110101', '北京市', '市辖区', '东城区', '国瑞北路15号崇文少年宫', '0', '0');
INSERT INTO `hi_user_address_merge` VALUES ('2', '23', '元元', '13774231021', '310000', '310100', '310105', '上海市', '市辖区', '长宁区', '1111', '0', '0');
INSERT INTO `hi_user_address_merge` VALUES ('3', '63', '郑兰婷', '18616309570', '310000', '310100', '310105', '上海市', '市辖区', '长宁区', '华山路1038弄', '0', '0');
INSERT INTO `hi_user_address_merge` VALUES ('4', '53', 'emma', '13522889948', '110000', '110100', '110115', '北京市', '市辖区', '大兴区', '西红门镇', '0', '0');
INSERT INTO `hi_user_address_merge` VALUES ('5', '73', '宋晓余', '13818806641', '310000', '310100', '310105', '上海市', '市辖区', '长宁区', '定西路710弄67号', '0', '0');
INSERT INTO `hi_user_address_merge` VALUES ('6', '83', '吴阳平', '18217789810', '310000', '310100', '310114', '上海市', '市辖区', '嘉定区', '瞿门路399号47号102', '1', '0');
INSERT INTO `hi_user_address_merge` VALUES ('1', '34', '沈丹', '13807191916', '420000', '420100', '420102', '湖北省', '武汉市', '江岸区', '香江花园二期四栋三单元801', '0', '0');
INSERT INTO `hi_user_address_merge` VALUES ('2', '24', 'Ting ', '18616303369', '310000', '310100', '310105', '上海市', '市辖区', '长宁区', '新华路', '0', '0');
INSERT INTO `hi_user_address_merge` VALUES ('3', '54', '李江峰', '18616165150', '310000', '310100', '310115', '上海市', '市辖区', '浦东新区', '红枫路358弄晓园', '0', '0');
INSERT INTO `hi_user_address_merge` VALUES ('4', '64', 'May ', '13816708520', '310000', '310100', '310101', '上海市', '市辖区', '黄浦区', '湖南路328号', '0', '0');
INSERT INTO `hi_user_address_merge` VALUES ('5', '74', '坎坎坷坷看', '13129912880', '120000', '120100', '120102', '天津市', '市辖区', '河东区', '老大老二', '0', '0');
INSERT INTO `hi_user_address_merge` VALUES ('6', '84', '李明', '13917243935', '310000', '310100', '310115', '上海市', '市辖区', '浦东新区', '浦东南路100号14楼', '1', '0');
INSERT INTO `hi_user_address_merge` VALUES ('1', '35', '刘', '13910275079', '110000', '110100', '110105', '北京市', '市辖区', '朝阳区', '望京东园融科橄榄城2-2-1601', '0', '0');
INSERT INTO `hi_user_address_merge` VALUES ('2', '25', '张淼', '13661518625', '310000', '310100', '310114', '上海市', '市辖区', '嘉定区', '南翔镇德园路1509弄21号604室（祥和雅苑西区）', '0', '0');
INSERT INTO `hi_user_address_merge` VALUES ('3', '45', '闫喆', '13910281761', '110000', '110100', '110101', '北京市', '市辖区', '东城区', '西花市南里东区9-6-401', '0', '0');
INSERT INTO `hi_user_address_merge` VALUES ('4', '65', '张政', '18627768377', '420000', '420100', '420106', '湖北省', '武汉市', '武昌区', '和平大道1028号才华茗苑10栋3单元', '0', '0');
INSERT INTO `hi_user_address_merge` VALUES ('5', '75', '余明泽', '13564605179', '310000', '310100', '310105', '上海市', '市辖区', '长宁区', '安顺路351弄20号503室', '0', '0');
INSERT INTO `hi_user_address_merge` VALUES ('6', '85', '王艳', '18071022289', '420000', '420100', '420103', '湖北省', '武汉市', '江汉区', '湖北省武汉市江汉区常青一路福星惠誉福星城3栋1单元1602室', '1', '0');
INSERT INTO `hi_user_address_merge` VALUES ('1', '16', '元元', '13774231021', '310000', '310100', '310105', '上海市', '市辖区', '长宁区', '江苏北路111弄29号', '0', '0');
INSERT INTO `hi_user_address_merge` VALUES ('2', '26', '袁蓓', '13701684046', '310000', '310100', '310105', '上海市', '市辖区', '长宁区', '定西路432号新华名苑办公楼306室', '0', '0');
INSERT INTO `hi_user_address_merge` VALUES ('3', '36', '付婷', '18971255721', '420000', '420100', '420102', '湖北省', '武汉市', '江岸区', '胜利街六合路外滩棕榈泉7栋2703室', '0', '0');
INSERT INTO `hi_user_address_merge` VALUES ('4', '46', '冯左', '13910027606', '110000', '110100', '110108', '北京市', '市辖区', '海淀区', '北京市海淀区马连洼北路百旺家苑西区24号楼3单元201室', '0', '0');
INSERT INTO `hi_user_address_merge` VALUES ('5', '66', '王光艳', '13917069993', '310000', '310100', '310114', '上海市', '市辖区', '嘉定区', '上海市嘉定区南翔镇陈翔路65弄24号', '0', '0');
INSERT INTO `hi_user_address_merge` VALUES ('6', '76', '沈小姐', '13917923923', '310000', '310100', '310112', '上海市', '市辖区', '闵行区', '虹梅路3297弄68号801', '1', '0');
INSERT INTO `hi_user_address_merge` VALUES ('1', '17', 'Alicia Zheng', '18602194166', '310000', '310100', '310105', '上海市', '市辖区', '长宁区', '华山路1038弄1期2号708室', '0', '0');
INSERT INTO `hi_user_address_merge` VALUES ('2', '27', '海宝', '15800947032', '310000', '310100', '310105', '上海市', '市辖区', '长宁区', '昭化东路82弄3号201室', '0', '0');
INSERT INTO `hi_user_address_merge` VALUES ('3', '37', '孙小米', '13911214101', '110000', '110100', '110102', '北京市', '市辖区', '西城区', '广安门外大街荣丰小区15号楼1009室', '0', '0');
INSERT INTO `hi_user_address_merge` VALUES ('4', '57', '陈雯雯', '18511775033', '110000', '110100', '110108', '北京市', '市辖区', '海淀区', '双榆树西里2号楼1407', '0', '0');
INSERT INTO `hi_user_address_merge` VALUES ('5', '67', '胡莹', '18688785384', '440000', '440300', '440305', '广东省', '深圳市', '南山区', '华侨城锦绣花园二期B栋6B', '0', '0');
INSERT INTO `hi_user_address_merge` VALUES ('6', '77', '张娟', '13524533051', '310000', '310100', '310114', '上海市', '市辖区', '嘉定区', '上海市嘉定区嘉松北路7222弄52号402室', '0', '0');
INSERT INTO `hi_user_address_merge` VALUES ('7', '87', '宋佳怡', '13764302563', '310000', '310100', '310115', '上海市', '市辖区', '浦东新区', '兰谷路1888弄8号204室', '1', '0');
INSERT INTO `hi_user_address_merge` VALUES ('1', '18', '李雪莹', '13917079163', '310000', '310100', '310104', '上海市', '市辖区', '徐汇区', '湖南路123号', '0', '0');
INSERT INTO `hi_user_address_merge` VALUES ('2', '28', '高敏', '13817160282', '310000', '310100', '310105', '上海市', '市辖区', '长宁区', '平武路29号301室', '0', '0');
INSERT INTO `hi_user_address_merge` VALUES ('3', '48', '方力', '18802770732', '420000', '420100', '420104', '湖北省', '武汉市', '硚口区', '武胜路134号泰合广场1405室', '0', '0');
INSERT INTO `hi_user_address_merge` VALUES ('4', '38', '韩剑缨', '13911096955', '110000', '110100', '110101', '北京市', '市辖区', '东城区', '北三环东路36号环球贸易中心B1506室', '0', '0');
INSERT INTO `hi_user_address_merge` VALUES ('5', '58', '高熙', '15011549480', '110000', '110100', '110105', '北京市', '市辖区', '朝阳区', '太阳宫火星园3号楼2单元2231', '0', '0');
INSERT INTO `hi_user_address_merge` VALUES ('6', '78', '罗荣', '15997491978', '420000', '420100', '420103', '湖北省', '武汉市', '江汉区', '新华路758号万科汉口传奇唐樾A3栋906室', '0', '0');
INSERT INTO `hi_user_address_merge` VALUES ('7', '68', '罗丹阳', '13916999173', '310000', '310100', '310115', '上海市', '市辖区', '浦东新区', '丁香路1399弄29号1202', '1', '0');
INSERT INTO `hi_user_address_merge` VALUES ('1', '19', 'sadf', '13524699164', '110000', '110100', '110102', '北京市', '市辖区', '西城区', 'asdf', '0', '0');
INSERT INTO `hi_user_address_merge` VALUES ('2', '29', '肖燮玥', '15021381478', '310000', '310100', '310105', '上海市', '市辖区', '长宁区', '定西路720弄1号511室', '0', '0');
INSERT INTO `hi_user_address_merge` VALUES ('3', '39', '杨女士', '13810781148', '110000', '110100', '110108', '北京市', '市辖区', '海淀区', '宝盛里观景园4栋2单元502', '0', '0');
INSERT INTO `hi_user_address_merge` VALUES ('4', '69', '邓祥丽', '13480677817', '440000', '440300', '440306', '广东省', '深圳市', '宝安区', '龙华区民治大道民丰路潜龙金茂花园A2-2-2单元15A', '1', '0');

-- ----------------------------
-- Table structure for hi_user_merge
-- ----------------------------
DROP TABLE IF EXISTS `hi_user_merge`;
CREATE TABLE `hi_user_merge` (
  `Uid` int(10) unsigned NOT NULL DEFAULT '0' COMMENT '玩家ID',
  `UserName` varchar(50) NOT NULL DEFAULT '' COMMENT '用户名',
  `Mobile` char(11) NOT NULL DEFAULT '' COMMENT '绑定手机号',
  `Type` tinyint(3) unsigned NOT NULL DEFAULT '1' COMMENT '用户类型(1:普通用户2:微信用户)',
  `Time` int(10) unsigned NOT NULL DEFAULT '0' COMMENT '注册时间',
  `EnName` varchar(20) DEFAULT NULL COMMENT '英文名',
  `NickName` varchar(100) NOT NULL DEFAULT '' COMMENT '昵称',
  `UserStatus` varchar(20) DEFAULT 'regist' COMMENT '用户状态，regist：注册用户，try：试听用户，charge：付费用户',
  `Birthday` int(10) unsigned DEFAULT NULL COMMENT '生日',
  `SurveyScore` tinyint(3) DEFAULT '0' COMMENT '问卷调查分数',
  `SurveyTime` int(10) unsigned DEFAULT '0' COMMENT '问卷调查时间',
  `City` varchar(60) DEFAULT NULL COMMENT '城市名称',
  `CityId` int(10) unsigned DEFAULT '0' COMMENT '城市id',
  `ReadLevel` varchar(255) DEFAULT '0' COMMENT '水平测试等级',
  PRIMARY KEY (`Uid`)
) ENGINE=MyISAM DEFAULT CHARSET=utf8;

-- ----------------------------
-- Records of hi_user_merge
-- ----------------------------
INSERT INTO `hi_user_merge` VALUES ('0', 'oDmjFwvDICK6rWeCEQ8NQm0fFb7U', '', '1', '1518521151', '', 'peggyyuan', 'regist', '0', '0', '0', null, '0', '1');
INSERT INTO `hi_user_merge` VALUES ('17', '18602194166', '', '1', '1514706758', '', '', 'regist', '0', '3', '1516778232', '市辖区', '310100', '1');
INSERT INTO `hi_user_merge` VALUES ('47', '13910322701', '', '1', '1515035553', '', '', 'regist', '0', '0', '0', null, '0', '1');
INSERT INTO `hi_user_merge` VALUES ('73', '13818806641', '', '1', '1516623342', '', '', 'regist', '0', '7', '1516623489', '市辖区', '310100', '1');
INSERT INTO `hi_user_merge` VALUES ('79', 'test', '', '1', '1516785404', '', '', 'regist', '0', '0', '0', null, '0', '1');
INSERT INTO `hi_user_merge` VALUES ('87', '13764302563', '', '1', '1518449426', '', '', 'regist', '0', '15', '1518449556', '市辖区', '310100', '1');
INSERT INTO `hi_user_merge` VALUES ('33', '13911202075', '', '1', '1514947575', '', '', 'regist', '0', '0', '0', null, '0', '1');
INSERT INTO `hi_user_merge` VALUES ('64', '13816708520', '', '1', '1516180926', '', '', 'regist', '0', '16', '1516181030', '市辖区', '310100', '2');
INSERT INTO `hi_user_merge` VALUES ('80', '18616356585', '', '1', '1516841121', '吴馨怡', '', 'regist', '1311782400', '3', '1516841233', '市辖区', '310100', '1');
INSERT INTO `hi_user_merge` VALUES ('41', '13886116706', '', '1', '1514982667', '', '', 'regist', '0', '0', '0', null, '0', '1');
INSERT INTO `hi_user_merge` VALUES ('30', '13581726271', '', '1', '1514870858', 'lucy', '', 'regist', '1291132800', '1', '1515404415', '市辖区', '110100', '1');
INSERT INTO `hi_user_merge` VALUES ('39', '13552478006', '', '1', '1514973213', '柯月盈', 'Alysa', 'regist', '1190649600', '6', '1516355272', '市辖区', '110100', '1');
INSERT INTO `hi_user_merge` VALUES ('66', '13917069993', '', '1', '1516278930', '', '', 'regist', '0', '5', '1516279239', '市辖区', '310100', '1');
INSERT INTO `hi_user_merge` VALUES ('71', '15800545600', '', '1', '1516515228', '', '', 'regist', '0', '12', '1516515291', '市辖区', '310100', '1');
INSERT INTO `hi_user_merge` VALUES ('76', '13917923923', '', '1', '1516715908', '', '', 'regist', '0', '15', '1516716027', '市辖区', '310100', '1');
INSERT INTO `hi_user_merge` VALUES ('77', '13524533051', '', '1', '1516721641', '', '', 'regist', '0', '6', '1516721720', '市辖区', '310100', '1');
INSERT INTO `hi_user_merge` VALUES ('81', '18616383125', '', '1', '1516856288', '', '', 'regist', '0', '0', '0', null, '0', '1');
INSERT INTO `hi_user_merge` VALUES ('27', '15800947032', '', '1', '1514795563', 'Asuka', 'Asuka', 'regist', '1296403200', '11', '1516536267', '市辖区', '310100', '1');
INSERT INTO `hi_user_merge` VALUES ('67', '18688785384', '', '1', '1516362135', '', '', 'regist', '0', '10', '1516362313', '深圳市', '440300', '1');
INSERT INTO `hi_user_merge` VALUES ('24', '18616303369', '', '1', '1514728067', '', '', 'regist', '0', '0', '0', null, '0', '1');
INSERT INTO `hi_user_merge` VALUES ('32', '17610000131', '', '1', '1514906498', '', '', 'regist', '0', '8', '1516343114', '市辖区', '110100', '1');
INSERT INTO `hi_user_merge` VALUES ('44', '13311278399', '', '1', '1514985483', '', '', 'regist', '0', '0', '0', null, '0', '1');
INSERT INTO `hi_user_merge` VALUES ('52', '18942172998', '', '1', '1515240023', '文晨宇', 'wenchenyu', 'regist', '1192809600', '8', '1515240130', '十堰市', '420300', '1');
INSERT INTO `hi_user_merge` VALUES ('55', '13718608572', '', '1', '1515494957', '', '', 'regist', '0', '6', '1515495095', '市辖区', '110100', '1');
INSERT INTO `hi_user_merge` VALUES ('65', '18627768377', '', '1', '1516192953', '', '', 'regist', '0', '0', '0', null, '0', '1');
INSERT INTO `hi_user_merge` VALUES ('43', '13886116703', '', '1', '1514982930', '', '', 'regist', '0', '0', '0', null, '0', '1');
INSERT INTO `hi_user_merge` VALUES ('74', '17786373562', '', '1', '1516627565', '', '', 'regist', '0', '1', '1516627632', '邢台市', '130500', '1');
INSERT INTO `hi_user_merge` VALUES ('23', '13774231021', '', '1', '1514726563', '', '', 'regist', '0', '28', '1516523096', '市辖区', '310100', '4');
INSERT INTO `hi_user_merge` VALUES ('25', '13661518625', '', '1', '1514778552', '肖文琪', 'Gigi', 'regist', '1203264000', '14', '1517120294', '市辖区', '310100', '1');
INSERT INTO `hi_user_merge` VALUES ('28', '13817160282', '', '1', '1514799796', '', '', 'regist', '0', '7', '1517135491', '市辖区', '310100', '1');
INSERT INTO `hi_user_merge` VALUES ('29', '15021381478', '', '1', '1514808309', '', '', 'regist', '0', '6', '1516417960', '市辖区', '310100', '1');
INSERT INTO `hi_user_merge` VALUES ('45', '13910281761', '', '1', '1514989163', '', '', 'regist', '0', '0', '0', null, '0', '1');
INSERT INTO `hi_user_merge` VALUES ('75', '13564605179', '', '1', '1516630026', '', '', 'regist', '0', '0', '1516630068', '市辖区', '310100', '1');
INSERT INTO `hi_user_merge` VALUES ('85', '18071022289', '', '1', '1517050428', '', '', 'regist', '0', '18', '1517050611', '武汉市', '420100', '2');
INSERT INTO `hi_user_merge` VALUES ('18', '13917079163', '', '1', '1514707230', '', '', 'regist', '0', '11', '1517049618', '市辖区', '310100', '1');
INSERT INTO `hi_user_merge` VALUES ('34', '13807191916', '', '1', '1514948489', '', '', 'regist', '0', '0', '0', null, '0', '1');
INSERT INTO `hi_user_merge` VALUES ('42', '18612615967', '', '1', '1514982723', '', '', 'regist', '0', '0', '0', null, '0', '1');
INSERT INTO `hi_user_merge` VALUES ('57', '18511775033', '', '1', '1515639044', '', '', 'regist', '0', '5', '1515639160', '市辖区', '110100', '1');
INSERT INTO `hi_user_merge` VALUES ('36', '18971255721', '', '1', '1514950129', '', '', 'regist', '0', '0', '0', null, '0', '1');
INSERT INTO `hi_user_merge` VALUES ('37', '13911214101', '', '1', '1514951396', '', '', 'regist', '0', '5', '1516539022', '市辖区', '110100', '1');
INSERT INTO `hi_user_merge` VALUES ('69', '13480677817', '', '1', '1516506831', '', '', 'regist', '0', '7', '1516506939', '深圳市', '440300', '1');
INSERT INTO `hi_user_merge` VALUES ('82', '17717370288', '', '1', '1516888306', '', '', 'regist', '0', '0', '0', null, '0', '1');
INSERT INTO `hi_user_merge` VALUES ('38', '13911096955', '', '1', '1514951619', '大芃', 'Odin', 'regist', '1259164800', '13', '1515331243', '市辖区', '110100', '1');
INSERT INTO `hi_user_merge` VALUES ('60', '18616212507', '', '1', '1515653166', '', '', 'regist', '0', '17', '1515653208', '市辖区', '310100', '2');
INSERT INTO `hi_user_merge` VALUES ('61', '13052320237', '', '1', '1515661995', '', '', 'regist', '0', '14', '1515662017', '市辖区', '310100', '1');
INSERT INTO `hi_user_merge` VALUES ('72', '13817326022', '', '1', '1516516444', '', '', 'regist', '0', '13', '1516516964', '市辖区', '310100', '1');
INSERT INTO `hi_user_merge` VALUES ('88', '18621738673', '', '1', '1518521365', '', '', 'regist', '0', '22', '1518522456', '滁州市', '341100', '2');
INSERT INTO `hi_user_merge` VALUES ('40', '15342263099', '', '1', '1514979218', '', '', 'regist', '0', '6', '1516364187', '武汉市', '420100', '1');
INSERT INTO `hi_user_merge` VALUES ('49', '18623355783', '', '1', '1515041257', '', '', 'regist', '0', '0', '0', null, '0', '1');
INSERT INTO `hi_user_merge` VALUES ('50', '18611969206', '', '1', '1515120308', '', '', 'regist', '0', '7', '1515120492', '市辖区', '110100', '1');
INSERT INTO `hi_user_merge` VALUES ('51', '13701152717', '', '1', '1515121059', '', '', 'regist', '0', '0', '0', null, '0', '1');
INSERT INTO `hi_user_merge` VALUES ('56', '15002758813', '', '1', '1515510853', '', '', 'regist', '0', '5', '1515510944', '武汉市', '420100', '1');
INSERT INTO `hi_user_merge` VALUES ('59', '13910010268', '', '1', '1515652319', '', '', 'regist', '0', '4', '1515652394', '市辖区', '110100', '1');
INSERT INTO `hi_user_merge` VALUES ('62', '18248198609', '', '1', '1515742604', '', '', 'regist', '0', '3', '1515742675', '市辖区', '110100', '1');
INSERT INTO `hi_user_merge` VALUES ('78', '15997491978', '', '1', '1516756533', '', '', 'regist', '0', '17', '1516756832', '武汉市', '420100', '2');
INSERT INTO `hi_user_merge` VALUES ('22', '13524699164', '', '1', '1514708632', '', '', 'regist', '0', '0', '1515340113', '市辖区', '310100', '1');
INSERT INTO `hi_user_merge` VALUES ('58', '15011549480', '', '1', '1515651475', '', '', 'regist', '0', '11', '1515651580', '市辖区', '110100', '1');
INSERT INTO `hi_user_merge` VALUES ('63', '18616309570', '', '1', '1515764284', '', '', 'regist', '0', '9', '1517030060', '市辖区', '310100', '1');
INSERT INTO `hi_user_merge` VALUES ('83', '18217789810', '', '1', '1516946755', 'Keven', 'Keven', 'regist', '1268323200', '5', '1516946861', '市辖区', '310100', '1');
INSERT INTO `hi_user_merge` VALUES ('84', '13917243935', '', '1', '1517041096', '', '', 'regist', '0', '18', '1517224960', '市辖区', '310100', '2');
INSERT INTO `hi_user_merge` VALUES ('86', '13817375408', '', '1', '1518337060', '', '', 'regist', '0', '12', '1518337170', '市辖区', '310100', '1');
INSERT INTO `hi_user_merge` VALUES ('48', '18802770732', '', '1', '1515040510', '', '', 'regist', '0', '2', '1516444621', '武汉市', '420100', '1');
INSERT INTO `hi_user_merge` VALUES ('53', '13522889948', '', '1', '1515383744', 'jacky', '', 'regist', '1356969600', '4', '1515384339', '市辖区', '110100', '1');
INSERT INTO `hi_user_merge` VALUES ('54', '18616165150', '', '1', '1515486574', '', '', 'regist', '0', '19', '1515486736', '市辖区', '310100', '2');
INSERT INTO `hi_user_merge` VALUES ('70', '13917899946', '', '1', '1516508881', '', '', 'regist', '0', '13', '1516509088', '市辖区', '310100', '1');
INSERT INTO `hi_user_merge` VALUES ('26', '13701684046', '', '1', '1514785432', '', '', 'regist', '0', '12', '1517144956', '市辖区', '310100', '1');
INSERT INTO `hi_user_merge` VALUES ('31', '13129912880', '', '1', '1514892376', '', '', 'regist', '0', '5', '1518065388', '武汉市', '420100', '1');
INSERT INTO `hi_user_merge` VALUES ('35', '13910275079', '', '1', '1514948705', '', '', 'regist', '0', '0', '0', null, '0', '1');
INSERT INTO `hi_user_merge` VALUES ('46', '13910027606', '', '1', '1515034288', '', '', 'regist', '0', '0', '0', null, '0', '1');
INSERT INTO `hi_user_merge` VALUES ('68', '13916999173', '', '1', '1516503509', '', '', 'regist', '0', '11', '1516503590', '市辖区', '310100', '1');
INSERT INTO `hi_user_merge` VALUES ('20', '', '', '1', '0', '', '', 'regist', '0', '0', '0', null, '0', '1');
INSERT INTO `hi_user_merge` VALUES ('21', '', '', '1', '0', '', '', 'regist', '0', '0', '0', null, '0', '1');
INSERT INTO `hi_user_merge` VALUES ('19', '', '', '1', '0', '', '', 'regist', '0', '0', '0', null, '0', '1');

-- ----------------------------
-- Table structure for hi_user_order_merge
-- ----------------------------
DROP TABLE IF EXISTS `hi_user_order_merge`;
CREATE TABLE `hi_user_order_merge` (
  `ID` int(10) unsigned NOT NULL DEFAULT '0',
  `OrderId` varchar(50) NOT NULL DEFAULT '' COMMENT '订单ID',
  `Uid` int(10) unsigned NOT NULL DEFAULT '0' COMMENT '用户ID',
  `Trade` varchar(255) NOT NULL DEFAULT '' COMMENT '第三方交易单号',
  `Price` double(10,2) unsigned NOT NULL DEFAULT '0.00' COMMENT '订单价格',
  `RecvId` int(10) unsigned NOT NULL DEFAULT '0' COMMENT '收货地址ID',
  `Message` text COMMENT '买家留言',
  `PayType` tinyint(3) unsigned NOT NULL DEFAULT '0' COMMENT '支付类型（0：未知1：微信2：支付宝）',
  `Status` tinyint(3) unsigned NOT NULL DEFAULT '0' COMMENT '订单状态（0:未支付1：已支付2：支付失败）',
  `SendStatus` tinyint(3) unsigned NOT NULL DEFAULT '0' COMMENT '发货状态(0:未发货1:已发货2:已签收）',
  `PayTime` int(10) unsigned NOT NULL DEFAULT '0' COMMENT '订单支付时间',
  `Time` int(10) unsigned NOT NULL DEFAULT '0' COMMENT '订单生成时间',
  `PaymentInfo` text CHARACTER SET utf32 COMMENT '支付相关信息',
  `CourseId` int(10) unsigned DEFAULT NULL COMMENT '课程ID',
  `OriginalPrice` double(10,2) unsigned DEFAULT '0.00' COMMENT '购买时原价',
  `DiscountPrice` double(10,2) unsigned DEFAULT '0.00' COMMENT '购买时折扣价',
  `Count` int(10) DEFAULT NULL COMMENT '购买数量',
  `isMerge` tinyint(1) DEFAULT '0' COMMENT '是否合并，1：是，0：否',
  PRIMARY KEY (`OrderId`,`Uid`),
  KEY `UO` (`Uid`,`OrderId`) USING BTREE,
  KEY `isMerge` (`isMerge`) USING BTREE
) ENGINE=MyISAM DEFAULT CHARSET=utf8;

-- ----------------------------
-- Records of hi_user_order_merge
-- ----------------------------
INSERT INTO `hi_user_order_merge` VALUES ('1', '2018010510500250086582', '50', '4200000013201801058275759656', '9.90', '1', '', '1', '1', '0', '1515120660', '1515120602', '{\"appid\":\"wxff2188b4cc51f6e2\",\"attach\":\"2018010510500250086582-50\",\"bank_type\":\"CFT\",\"cash_fee\":\"990\",\"fee_type\":\"CNY\",\"is_subscribe\":\"N\",\"mch_id\":\"1387384102\",\"nonce_str\":\"vcayexrcpy4zog8d3fsdbupr8tqrzoqj\",\"openid\":\"oTFnHwLZyjpzlVn4QR_d_JhN_ZeU\",\"out_trade_no\":\"2018010510500250086582\",\"result_code\":\"SUCCESS\",\"return_code\":\"SUCCESS\",\"sign\":\"9989894DCA48E66ADB220CA1E7352D30\",\"time_end\":\"20180105105059\",\"total_fee\":\"990\",\"trade_type\":\"NATIVE\",\"transaction_id\":\"4200000013201801058275759656\"}', '2', '299.00', '9.90', '1', '0');
INSERT INTO `hi_user_order_merge` VALUES ('2', '2018010717595540197193', '40', '2018010721001004240551595106', '9.90', '2', '', '2', '1', '0', '1515319337', '1515319195', '{\"gmt_create\":\"2018-01-07 18:02:07\",\"charset\":\"UTF-8\",\"gmt_payment\":\"2018-01-07 18:02:17\",\"notify_time\":\"2018-01-07 18:02:17\",\"subject\":\"\\u8d2d\\u4e70\\u8bfe\\u7a0b\",\"sign\":\"JFn97aSXYp+EU67kc\\/UVI6e80nVmOcmWDLrNQsNmFmtc3WBzDuO1nUHlF\\/JKQGPhTVebudwx5PMyABo3uCtfXqw2He9lXNtU3DNMJpoeAMUvxkJTblI\\/MMJkAJS\\/ssfeaObtj24aaA2oR3xiU9NJmm8K4Q\\/6OW8KOto6aKilU2wIixazQ+zoId+as7PUIkZiSK0kb4I7DtT27cxxs26rXDRPM6xr9eZqlL8QqOAr1krPCRMGKLylGU4tl0HxkGAZ\\/lJfNhddYt8dQv+\\/gMojZlQXC6WigDVlgWbHnyJdGRolrgzbIgpY0TUrh+cmcZ01XG84\\/C78OXDc\\/0Rju8ut0w==\",\"buyer_id\":\"2088512707803249\",\"body\":\"<<Little Critter: Going to the Firehouse (My First I Can Read)>>\",\"invoice_amount\":\"9.90\",\"version\":\"1.0\",\"notify_id\":\"dd7db455029893f5efa98f7bc596cechut\",\"fund_bill_list\":\"[{\\\"amount\\\":\\\"9.90\\\",\\\"fundChannel\\\":\\\"ALIPAYACCOUNT\\\"}]\",\"notify_type\":\"trade_status_sync\",\"out_trade_no\":\"2018010717595540197193-40\",\"total_amount\":\"9.90\",\"trade_status\":\"TRADE_SUCCESS\",\"trade_no\":\"2018010721001004240551595106\",\"auth_app_id\":\"2017030706087117\",\"receipt_amount\":\"9.90\",\"point_amount\":\"0.00\",\"app_id\":\"2017030706087117\",\"buyer_pay_amount\":\"9.90\",\"sign_type\":\"RSA2\",\"seller_id\":\"2088421832020664\"}', '2', '299.00', '9.90', '1', '0');
INSERT INTO `hi_user_order_merge` VALUES ('3', '2018011920182040467151', '40', '4200000056201801197074113850', '580.00', '2', '', '1', '1', '0', '1516364323', '1516364300', '{\"appid\":\"wx25b37cb6f68317b0\",\"attach\":\"2018011920182040467151-40\",\"bank_type\":\"CFT\",\"cash_fee\":\"58000\",\"fee_type\":\"CNY\",\"is_subscribe\":\"N\",\"mch_id\":\"1493811232\",\"nonce_str\":\"2hmgaaeyx3jeqsiuw9w8yveky7p1qwib\",\"openid\":\"o-0VU08Ubx_uBCyw80xab4XFaQWo\",\"out_trade_no\":\"2018011920182040467151\",\"result_code\":\"SUCCESS\",\"return_code\":\"SUCCESS\",\"sign\":\"BD2A97476F2E4E9ED088549E6B940105\",\"time_end\":\"20180119201843\",\"total_fee\":\"58000\",\"trade_type\":\"NATIVE\",\"transaction_id\":\"4200000056201801197074113850\"}', '6', '1068.00', '580.00', '1', '0');
INSERT INTO `hi_user_order_merge` VALUES ('4', '2018012112490570729648', '70', '4200000060201801218090384003', '580.00', '3', '', '1', '1', '0', '1516510162', '1516510145', '{\"appid\":\"wx25b37cb6f68317b0\",\"attach\":\"2018012112490570729648-70\",\"bank_type\":\"PAB_CREDIT\",\"cash_fee\":\"58000\",\"fee_type\":\"CNY\",\"is_subscribe\":\"Y\",\"mch_id\":\"1493811232\",\"nonce_str\":\"evz5qeoiwp7b0mth19jefqc669giqj12\",\"openid\":\"o-0VU0-Zw-zZ7RJD76gmXIWitaXc\",\"out_trade_no\":\"2018012112490570729648\",\"result_code\":\"SUCCESS\",\"return_code\":\"SUCCESS\",\"sign\":\"0ECF30960BD152C8F78DD3525162AAF7\",\"time_end\":\"20180121124921\",\"total_fee\":\"58000\",\"trade_type\":\"NATIVE\",\"transaction_id\":\"4200000060201801218090384003\"}', '6', '1068.00', '580.00', '1', '0');
INSERT INTO `hi_user_order_merge` VALUES ('5', '2018012220361860456243', '60', '2018012221001004700265917825', '1.00', '4', '', '2', '1', '0', '1516624596', '1516624578', '{\"gmt_create\":\"2018-01-22 20:36:31\",\"charset\":\"UTF-8\",\"gmt_payment\":\"2018-01-22 20:36:36\",\"notify_time\":\"2018-01-22 20:36:36\",\"subject\":\"\\u8d2d\\u4e70\\u8bfe\\u7a0b\",\"sign\":\"OID1XdCnTnQWpevw2HGLnEIVmMKa8QtGJP+GRq8T1Gy3sKKEQRw0bSlrqY6QcLbSx34kVQszNTK6sjgD8CM6eMNqSZcgKc2pU5Hfk1n5zj+LsHN1KFzbLrdGGcJFYi\\/kC1Hybz0EWmj5MDV11VER6c\\/bTjUsuO7KLx4x8wVg6OzzFuwu\\/qPi3zxael73nsP9Mlm9uRm4w+wY5ICiRmlto58NlQZNTMxs6tBVHx6Sg1Sxc8HRZ5a5QfkxVK6Ra1MLJXhNCJEaEU0l6TcJPH+Hos2jxlfpm2d3HBVWcDuN0cc4phylKd1cvb4GJmp4qkc6cnPG0rPPWh50GHes1rA2yQ==\",\"buyer_id\":\"2088002350787709\",\"body\":\"<<Little Critter: Going to the Firehouse (My First I Can Read)>>\",\"invoice_amount\":\"1.00\",\"version\":\"1.0\",\"notify_id\":\"c2c276285dfc266ff0715f039a4b140lei\",\"fund_bill_list\":\"[{\\\"amount\\\":\\\"1.00\\\",\\\"fundChannel\\\":\\\"ALIPAYACCOUNT\\\"}]\",\"notify_type\":\"trade_status_sync\",\"out_trade_no\":\"2018012220361860456243-60\",\"total_amount\":\"1.00\",\"trade_status\":\"TRADE_SUCCESS\",\"trade_no\":\"2018012221001004700265917825\",\"auth_app_id\":\"2017120100303215\",\"receipt_amount\":\"1.00\",\"point_amount\":\"0.00\",\"app_id\":\"2017120100303215\",\"buyer_pay_amount\":\"1.00\",\"sign_type\":\"RSA2\",\"seller_id\":\"2088821925101766\"}', '2', '299.00', '1.00', '1', '0');
INSERT INTO `hi_user_order_merge` VALUES ('6', '2018012508495780200906', '80', '4200000062201801250360641069', '580.00', '5', '', '1', '1', '0', '1516841421', '1516841397', '{\"appid\":\"wx25b37cb6f68317b0\",\"attach\":\"2018012508495780200906-80\",\"bank_type\":\"CCB_DEBIT\",\"cash_fee\":\"58000\",\"fee_type\":\"CNY\",\"is_subscribe\":\"N\",\"mch_id\":\"1493811232\",\"nonce_str\":\"rjd81inqjzuyynhahs71hex67ijm983o\",\"openid\":\"o-0VU06VwkIldqgxQjQB2Vz8k-Z8\",\"out_trade_no\":\"2018012508495780200906\",\"result_code\":\"SUCCESS\",\"return_code\":\"SUCCESS\",\"sign\":\"21B60CB3DD260B807F611C3CA97322D1\",\"time_end\":\"20180125085019\",\"total_fee\":\"58000\",\"trade_type\":\"NATIVE\",\"transaction_id\":\"4200000062201801250360641069\"}', '6', '1068.00', '580.00', '1', '0');
INSERT INTO `hi_user_order_merge` VALUES ('1', '2018010219400731914022', '31', '', '9.90', '1', '', '1', '0', '0', '0', '1514893207', null, '2', '299.00', '9.90', '1', '0');
INSERT INTO `hi_user_order_merge` VALUES ('2', '2018010219555731190720', '31', '2018010221001004230271820831', '9.90', '1', '', '2', '1', '0', '1514894191', '1514894157', '{\"gmt_create\":\"2018-01-02 19:56:19\",\"charset\":\"UTF-8\",\"gmt_payment\":\"2018-01-02 19:56:31\",\"notify_time\":\"2018-01-02 19:56:31\",\"subject\":\"\\u8d2d\\u4e70\\u8bfe\\u7a0b\",\"sign\":\"F4RuomkMGDMTar6yiFwmWiJymkV2j3Ct6a4l2PRZjTGXXL6L7Ttm3h\\/6r902555LZecp+COIKN7LIVOVwFaYs9xcw11CuBpwbZP8W9eCpPyKxXH35CZ0KKTlSSoduoVOULjs3YZcDFaOecv0owz8WRtyH\\/QohZ7aCwW2V\\/Z0OVt\\/Wi0KeYR8w8yIGiBWaH5uqAsgkZVKiAWSlfe9wmm7sMvg0ME3rZFzp6r6s+dECD1a1wlwvIJZgZlYrlkOiTFHzgT6FUK8WFeVfxw8UEvx7y90ZcQT0GHHurhbEVazNWFbmJz3a9tXO7iavSu3Jhk\\/0RmvWieI0BcOHWJk0rf23g==\",\"buyer_id\":\"2088002344963234\",\"body\":\"<<Little Critter: Going to the Firehouse (My First I Can Read)>>\",\"invoice_amount\":\"9.90\",\"version\":\"1.0\",\"notify_id\":\"ccc005835280572856ac5967fd5cd6dhry\",\"fund_bill_list\":\"[{\\\"amount\\\":\\\"9.90\\\",\\\"fundChannel\\\":\\\"ALIPAYACCOUNT\\\"}]\",\"notify_type\":\"trade_status_sync\",\"out_trade_no\":\"2018010219555731190720-31\",\"total_amount\":\"9.90\",\"trade_status\":\"TRADE_SUCCESS\",\"trade_no\":\"2018010221001004230271820831\",\"auth_app_id\":\"2017030706087117\",\"receipt_amount\":\"9.90\",\"point_amount\":\"0.00\",\"app_id\":\"2017030706087117\",\"buyer_pay_amount\":\"9.90\",\"sign_type\":\"RSA2\",\"seller_id\":\"2088421832020664\"}', '2', '299.00', '9.90', '1', '0');
INSERT INTO `hi_user_order_merge` VALUES ('3', '2018010420353441504383', '41', '4200000020201801048150055120', '9.90', '2', '', '1', '1', '0', '1515069638', '1515069334', '{\"appid\":\"wxff2188b4cc51f6e2\",\"attach\":\"2018010420353441504383-41\",\"bank_type\":\"CFT\",\"cash_fee\":\"990\",\"fee_type\":\"CNY\",\"is_subscribe\":\"N\",\"mch_id\":\"1387384102\",\"nonce_str\":\"7rlb35wy1iv9o6epye4e02dqr2kdzyq5\",\"openid\":\"oTFnHwLL4zyX1xevYPa9-k4NxcyI\",\"out_trade_no\":\"2018010420353441504383\",\"result_code\":\"SUCCESS\",\"return_code\":\"SUCCESS\",\"sign\":\"C9E54C91188D02394555196998A95D6B\",\"time_end\":\"20180104204038\",\"total_fee\":\"990\",\"trade_type\":\"NATIVE\",\"transaction_id\":\"4200000020201801048150055120\"}', '2', '299.00', '9.90', '1', '0');
INSERT INTO `hi_user_order_merge` VALUES ('4', '2018010510585851770904', '51', '4200000008201801058470913779', '9.90', '3', '', '1', '1', '0', '1515121154', '1515121138', '{\"appid\":\"wxff2188b4cc51f6e2\",\"attach\":\"2018010510585851770904-51\",\"bank_type\":\"BOC_CREDIT\",\"cash_fee\":\"990\",\"fee_type\":\"CNY\",\"is_subscribe\":\"N\",\"mch_id\":\"1387384102\",\"nonce_str\":\"kfxgqwfedlozd26fb35n1c5n4tw5a3aj\",\"openid\":\"oTFnHwAQOkkEGL-viXd9gS2bQb8M\",\"out_trade_no\":\"2018010510585851770904\",\"result_code\":\"SUCCESS\",\"return_code\":\"SUCCESS\",\"sign\":\"C95163BD7D6DA858F66F6140DA040045\",\"time_end\":\"20180105105914\",\"total_fee\":\"990\",\"trade_type\":\"NATIVE\",\"transaction_id\":\"4200000008201801058470913779\"}', '2', '299.00', '9.90', '1', '0');
INSERT INTO `hi_user_order_merge` VALUES ('5', '2018011111260831029377', '31', '', '199.00', '1', '', '1', '0', '0', '0', '1515641168', null, '3', '299.00', '199.00', '1', '0');
INSERT INTO `hi_user_order_merge` VALUES ('6', '2018011117164961201355', '61', '4200000069201801112204081251', '9.90', '4', '', '1', '1', '0', '1515662228', '1515662209', '{\"appid\":\"wxff2188b4cc51f6e2\",\"attach\":\"2018011117164961201355-61\",\"bank_type\":\"CFT\",\"cash_fee\":\"990\",\"fee_type\":\"CNY\",\"is_subscribe\":\"N\",\"mch_id\":\"1387384102\",\"nonce_str\":\"64fgqg06m0dmj7da4coa3vnu5t6z4fcl\",\"openid\":\"oTFnHwDtSeBvTsTp0WWVQghBrjAQ\",\"out_trade_no\":\"2018011117164961201355\",\"result_code\":\"SUCCESS\",\"return_code\":\"SUCCESS\",\"sign\":\"4E7A5B704228CF028569E89F9AA426AA\",\"time_end\":\"20180111171708\",\"total_fee\":\"990\",\"trade_type\":\"NATIVE\",\"transaction_id\":\"4200000069201801112204081251\"}', '2', '299.00', '9.90', '1', '0');
INSERT INTO `hi_user_order_merge` VALUES ('7', '2018012221205431491763', '31', '', '580.00', '1', '', '1', '0', '0', '0', '1516627254', null, '6', '1068.00', '580.00', '1', '0');
INSERT INTO `hi_user_order_merge` VALUES ('8', '2018012221234231372678', '31', '2018012221001004230510565042', '580.00', '1', '', '2', '1', '0', '1516627488', '1516627422', '{\"gmt_create\":\"2018-01-22 21:24:04\",\"charset\":\"UTF-8\",\"gmt_payment\":\"2018-01-22 21:24:48\",\"notify_time\":\"2018-01-22 21:24:48\",\"subject\":\"\\u8d2d\\u4e70\\u8bfe\\u7a0b\",\"sign\":\"RplYIzkatav5gRIhOhQXD5tXaKEs0cBcU7YF2aY3wGjPyAfzJks58olEAlCuDsPxUxbVY0YtZi\\/Uuo9vgb3mk9ATFgBPNjJK762BTmYHoRlHbk+WjyddanibtZme9OM590D2AqPvu0ZddI0lOyg6ikeU61exHEzn1gw84F7Rzy7OY53\\/ZEdGm\\/p9UnxMfcdhrKGbzGN00Un0EMN3joY5PitRL8exxXZvuTnOAvqTEYPtCsWtx9SiGj9YFmhjkxYGb9MXKrBWKRVNvtxsZy1uI50eAENJipFY6mwKe7Pud0VeGrOxqXjlIQjE1ko7iHlFVX3i7tXUbsG6INfa70sr3g==\",\"buyer_id\":\"2088002344963234\",\"body\":\"<<Pete at the Beach & I Am Snow (\\u7cbe\\u8bfb)\\uff1b\\nI Love My Whie Shoes & I Am Water (\\u6cdb\\u8bfb\\uff09>>\",\"invoice_amount\":\"580.00\",\"version\":\"1.0\",\"notify_id\":\"38612fe5665276216eefaf127fb332dhs1\",\"fund_bill_list\":\"[{\\\"amount\\\":\\\"580.00\\\",\\\"fundChannel\\\":\\\"ALIPAYACCOUNT\\\"}]\",\"notify_type\":\"trade_status_sync\",\"out_trade_no\":\"2018012221234231372678-31\",\"total_amount\":\"580.00\",\"trade_status\":\"TRADE_SUCCESS\",\"trade_no\":\"2018012221001004230510565042\",\"auth_app_id\":\"2017120100303215\",\"receipt_amount\":\"580.00\",\"point_amount\":\"0.00\",\"app_id\":\"2017120100303215\",\"buyer_pay_amount\":\"580.00\",\"sign_type\":\"RSA2\",\"seller_id\":\"2088821925101766\"}', '6', '1068.00', '580.00', '1', '0');
INSERT INTO `hi_user_order_merge` VALUES ('9', '2018012223414571612221', '71', '4200000065201801228940416558', '580.00', '5', '', '1', '1', '0', '1516635723', '1516635705', '{\"appid\":\"wx25b37cb6f68317b0\",\"attach\":\"2018012223414571612221-71\",\"bank_type\":\"CMB_CREDIT\",\"cash_fee\":\"58000\",\"fee_type\":\"CNY\",\"is_subscribe\":\"Y\",\"mch_id\":\"1493811232\",\"nonce_str\":\"egfwknaqt88czz7nqwz3yv8ypduhgr2f\",\"openid\":\"o-0VU03lhYt1XT0HGU4lM74CXzcI\",\"out_trade_no\":\"2018012223414571612221\",\"result_code\":\"SUCCESS\",\"return_code\":\"SUCCESS\",\"sign\":\"2E94FDB506B56EF2A6CFEE630DAE194F\",\"time_end\":\"20180122234202\",\"total_fee\":\"58000\",\"trade_type\":\"NATIVE\",\"transaction_id\":\"4200000065201801228940416558\"}', '6', '1068.00', '580.00', '1', '0');
INSERT INTO `hi_user_order_merge` VALUES ('10', '2018012907564661358197', '61', '4200000076201801292756925843', '199.00', '4', '', '1', '1', '0', '1517184019', '1517183806', '{\"appid\":\"wx25b37cb6f68317b0\",\"attach\":\"2018012907564661358197-61\",\"bank_type\":\"CFT\",\"cash_fee\":\"19900\",\"fee_type\":\"CNY\",\"is_subscribe\":\"N\",\"mch_id\":\"1493811232\",\"nonce_str\":\"nxsbw2bz2eapgrkefd50q755mn9sb1rt\",\"openid\":\"o-0VU00CfBLHcCUTiFtnDAzVlOJY\",\"out_trade_no\":\"2018012907564661358197\",\"result_code\":\"SUCCESS\",\"return_code\":\"SUCCESS\",\"sign\":\"41437292A34D305C49556F7DE0DABC66\",\"time_end\":\"20180129080018\",\"total_fee\":\"19900\",\"trade_type\":\"NATIVE\",\"transaction_id\":\"4200000076201801292756925843\"}', '3', '299.00', '199.00', '1', '0');
INSERT INTO `hi_user_order_merge` VALUES ('1', '2017123116283422117002', '22', '', '10.00', '1', '', '2', '0', '0', '0', '1514708914', null, '2', '299.00', '10.00', '1', '0');
INSERT INTO `hi_user_order_merge` VALUES ('2', '2017123116293822656464', '22', '', '10.00', '1', '', '2', '0', '0', '0', '1514708978', null, '2', '299.00', '10.00', '1', '0');
INSERT INTO `hi_user_order_merge` VALUES ('3', '2017123116312822153992', '22', '', '10.00', '1', '', '2', '0', '0', '0', '1514709088', null, '2', '299.00', '10.00', '1', '0');
INSERT INTO `hi_user_order_merge` VALUES ('4', '2017123116335822089389', '22', '', '9.90', '1', '', '2', '0', '0', '0', '1514709238', null, '2', '299.00', '10.00', '1', '0');
INSERT INTO `hi_user_order_merge` VALUES ('5', '2017123116345322731655', '22', '', '9.90', '1', '', '2', '0', '0', '0', '1514709293', null, '2', '299.00', '10.00', '1', '0');
INSERT INTO `hi_user_order_merge` VALUES ('6', '2018010312132432402999', '32', '2018010321001004210272016344', '9.90', '2', '', '2', '1', '0', '1514952840', '1514952804', '{\"gmt_create\":\"2018-01-03 12:13:50\",\"charset\":\"UTF-8\",\"gmt_payment\":\"2018-01-03 12:13:59\",\"notify_time\":\"2018-01-03 12:14:00\",\"subject\":\"\\u8d2d\\u4e70\\u8bfe\\u7a0b\",\"sign\":\"CIvqDdEISKusmzTHzmpDBNWIXnQX710PdQnrS8r\\/bYzhUgoOAg5CWm6fy+OK+Anu+Ah7Gx9LhtPbW0kFpAtR9jLLT2xqXmZ6KsjtTU0grHEdoFsznSsZE3xl4JmCLbMycEIZnIxZ7BcNYdHQeO6N\\/s+Bu0PHUVZmGU+Sx9yQUeK\\/WNqOWLQdcnB4FMWFn8MO7xoHRk5wMQtHkcW4KjqE3SXvRHj82s64URJ7TF3i6DIFmohI4KdineMKxNKvajZiqcSezFAVgh95gXltSd+5GNv7MV9alh9Gt5fd+7eRc2wu9gNBWvQ\\/LHcdxS+fNh8Q+OGeu9jBK0HRkcQFxThK2Q==\",\"buyer_id\":\"2088002399312210\",\"body\":\"<<Little Critter: Going to the Firehouse (My First I Can Read)>>\",\"invoice_amount\":\"9.90\",\"version\":\"1.0\",\"notify_id\":\"9b80b37c2d6fa7c51bd3648f70c7224hme\",\"fund_bill_list\":\"[{\\\"amount\\\":\\\"9.90\\\",\\\"fundChannel\\\":\\\"ALIPAYACCOUNT\\\"}]\",\"notify_type\":\"trade_status_sync\",\"out_trade_no\":\"2018010312132432402999-32\",\"total_amount\":\"9.90\",\"trade_status\":\"TRADE_SUCCESS\",\"trade_no\":\"2018010321001004210272016344\",\"auth_app_id\":\"2017030706087117\",\"receipt_amount\":\"9.90\",\"point_amount\":\"0.00\",\"app_id\":\"2017030706087117\",\"buyer_pay_amount\":\"9.90\",\"sign_type\":\"RSA2\",\"seller_id\":\"2088421832020664\"}', '2', '299.00', '9.90', '1', '0');
INSERT INTO `hi_user_order_merge` VALUES ('7', '2018010320365242294894', '42', '4200000011201801037514528912', '9.90', '3', '', '1', '1', '0', '1514983045', '1514983012', '{\"appid\":\"wxff2188b4cc51f6e2\",\"attach\":\"2018010320365242294894-42\",\"bank_type\":\"HXB_CREDIT\",\"cash_fee\":\"990\",\"fee_type\":\"CNY\",\"is_subscribe\":\"N\",\"mch_id\":\"1387384102\",\"nonce_str\":\"wkb8o3km0nvku36pnutw3hj6fr10ymls\",\"openid\":\"oTFnHwJGZkZA4oJV6kBGAcDiwIwU\",\"out_trade_no\":\"2018010320365242294894\",\"result_code\":\"SUCCESS\",\"return_code\":\"SUCCESS\",\"sign\":\"488580BADF1421E50CE33E232E53AB68\",\"time_end\":\"20180103203724\",\"total_fee\":\"990\",\"trade_type\":\"NATIVE\",\"transaction_id\":\"4200000011201801037514528912\"}', '2', '299.00', '9.90', '1', '0');
INSERT INTO `hi_user_order_merge` VALUES ('8', '2018010411060222657497', '22', '4200000007201801047767362419', '9.90', '1', '', '1', '1', '0', '1515035192', '1515035162', '{\"appid\":\"wxff2188b4cc51f6e2\",\"attach\":\"2018010411060222657497-22\",\"bank_type\":\"PAB_CREDIT\",\"cash_fee\":\"990\",\"fee_type\":\"CNY\",\"is_subscribe\":\"N\",\"mch_id\":\"1387384102\",\"nonce_str\":\"e1xlkxb86a8w51gec8ewf6jrdu66vsgi\",\"openid\":\"oTFnHwJWuDkTDdRJWxhpNZjXSqmY\",\"out_trade_no\":\"2018010411060222657497\",\"result_code\":\"SUCCESS\",\"return_code\":\"SUCCESS\",\"sign\":\"6EA4255A872B8F2697DBE7D79D279753\",\"time_end\":\"20180104110631\",\"total_fee\":\"990\",\"trade_type\":\"NATIVE\",\"transaction_id\":\"4200000007201801047767362419\"}', '2', '299.00', '9.90', '1', '0');
INSERT INTO `hi_user_order_merge` VALUES ('9', '2018010413181622801635', '22', '', '199.00', '1', '', '1', '0', '0', '0', '1515043096', null, '3', '299.00', '199.00', '1', '0');
INSERT INTO `hi_user_order_merge` VALUES ('10', '2018010413191022466820', '22', '', '199.00', '1', '', '2', '0', '0', '0', '1515043150', null, '3', '299.00', '199.00', '1', '0');
INSERT INTO `hi_user_order_merge` VALUES ('11', '2018011213024132769785', '32', '4200000051201801122682018471', '0.01', '2', '', '1', '1', '0', '1515733481', '1515733361', '{\"appid\":\"wxff2188b4cc51f6e2\",\"attach\":\"2018011213024132769785-32\",\"bank_type\":\"SPDB_CREDIT\",\"cash_fee\":\"1\",\"fee_type\":\"CNY\",\"is_subscribe\":\"N\",\"mch_id\":\"1387384102\",\"nonce_str\":\"5u2fmdxwjsclh2s1ktu6gkfza47ta93n\",\"openid\":\"oTFnHwKKHDNR1eCjlKBNr_1yhxsE\",\"out_trade_no\":\"2018011213024132769785\",\"result_code\":\"SUCCESS\",\"return_code\":\"SUCCESS\",\"sign\":\"94E9C683D394D043813EC88899ECFF65\",\"time_end\":\"20180112130441\",\"total_fee\":\"1\",\"trade_type\":\"NATIVE\",\"transaction_id\":\"4200000051201801122682018471\"}', '9999', '129.00', '0.01', '1', '0');
INSERT INTO `hi_user_order_merge` VALUES ('12', '2018011914265632897112', '32', '2018011921001004210599337819', '580.00', '2', '', '2', '1', '0', '1516343268', '1516343216', '{\"gmt_create\":\"2018-01-19 14:27:41\",\"charset\":\"UTF-8\",\"gmt_payment\":\"2018-01-19 14:27:48\",\"notify_time\":\"2018-01-19 14:27:48\",\"subject\":\"\\u8d2d\\u4e70\\u8bfe\\u7a0b\",\"sign\":\"LiZNsSZHqw0MPXQ2jsMirIaD1WWsdfCP2hohlTHID0h9e2P9hnGxNdp6Ov7kd2Z01br1zsLMlrqqGXQ8vIJkiBf+P\\/ENCvYjhfJso4haoKIMuc15Jj2N4Yrt0K30YoxEV7sat2\\/f2VAyQUsaGMPmeT1gm2aIYf5aU6cPRsJupLuJPoFm0ZUWcwOjzd3kqoFE6pF71pyqFBxzJ5l91F0C6fuTQiRRzQ5SwFGiOoEqERO74SEo11rfRUnbzyIbVP8GNZsvQTPva3PZ41LUF+id+UdfrI3keQIXdqOg5WoY9kDsID8E8x6S\\/b0GpsYxSzwhDfvW0YLGxhRdwcBDHR4fLQ==\",\"buyer_id\":\"2088002399312210\",\"body\":\"<<Pete at the Beach & I Am Snow (\\u7cbe\\u8bfb)\\uff1b\\nI Love My Whie Shoes & I Am Water (\\u6cdb\\u8bfb\\uff09>>\",\"invoice_amount\":\"580.00\",\"version\":\"1.0\",\"notify_id\":\"37a6591369244582af69e5dc21b02c4hmh\",\"fund_bill_list\":\"[{\\\"amount\\\":\\\"580.00\\\",\\\"fundChannel\\\":\\\"ALIPAYACCOUNT\\\"}]\",\"notify_type\":\"trade_status_sync\",\"out_trade_no\":\"2018011914265632897112-32\",\"total_amount\":\"580.00\",\"trade_status\":\"TRADE_SUCCESS\",\"trade_no\":\"2018011921001004210599337819\",\"auth_app_id\":\"2017030706087117\",\"receipt_amount\":\"580.00\",\"point_amount\":\"0.00\",\"app_id\":\"2017030706087117\",\"buyer_pay_amount\":\"580.00\",\"sign_type\":\"RSA2\",\"seller_id\":\"2088421832020664\"}', '6', '1068.00', '580.00', '1', '0');
INSERT INTO `hi_user_order_merge` VALUES ('13', '2018012114505272628763', '72', '4200000055201801218171461095', '1.00', '4', '', '1', '1', '0', '1516517469', '1516517452', '{\"appid\":\"wx25b37cb6f68317b0\",\"attach\":\"2018012114505272628763-72\",\"bank_type\":\"CFT\",\"cash_fee\":\"100\",\"fee_type\":\"CNY\",\"is_subscribe\":\"Y\",\"mch_id\":\"1493811232\",\"nonce_str\":\"nlhap7pvvfv0tkjw8ws919zh8x5nb0hm\",\"openid\":\"o-0VU09ocgV4hsfj0Bw4OaUteo8g\",\"out_trade_no\":\"2018012114505272628763\",\"result_code\":\"SUCCESS\",\"return_code\":\"SUCCESS\",\"sign\":\"D87363D6B19E41068094B4FA45E48ED6\",\"time_end\":\"20180121145109\",\"total_fee\":\"100\",\"trade_type\":\"NATIVE\",\"transaction_id\":\"4200000055201801218171461095\"}', '1', '499.00', '1.00', '1', '0');
INSERT INTO `hi_user_order_merge` VALUES ('14', '2018022213305122920156', '22', '4200000071201802226367486020', '1.00', '1', '', '1', '1', '0', '1519277466', '1519277451', '{\"appid\":\"wx25b37cb6f68317b0\",\"attach\":\"2018022213305122920156-22\",\"bank_type\":\"CFT\",\"cash_fee\":\"100\",\"fee_type\":\"CNY\",\"is_subscribe\":\"Y\",\"mch_id\":\"1493811232\",\"nonce_str\":\"qqjq6rsx6tv2acmdgi0gm43bsfykj96h\",\"openid\":\"o-0VU014PqPHfeED288LsAXBDu34\",\"out_trade_no\":\"2018022213305122920156\",\"result_code\":\"SUCCESS\",\"return_code\":\"SUCCESS\",\"sign\":\"78CA288FE8BDA98FE800E59DF1160E04\",\"time_end\":\"20180222133105\",\"total_fee\":\"100\",\"trade_type\":\"NATIVE\",\"transaction_id\":\"4200000071201802226367486020\"}', '2', '299.00', '1.00', '1', '0');
INSERT INTO `hi_user_order_merge` VALUES ('1', '2018010410544233242458', '33', '', '9.90', '1', '', '1', '0', '0', '0', '1515034482', null, '2', '299.00', '9.90', '1', '0');
INSERT INTO `hi_user_order_merge` VALUES ('2', '2018010410591833182209', '33', '', '9.90', '1', '', '1', '0', '0', '0', '1515034758', null, '2', '299.00', '9.90', '1', '0');
INSERT INTO `hi_user_order_merge` VALUES ('3', '2018010411020733713700', '33', '', '9.90', '1', '', '1', '0', '0', '0', '1515034927', null, '2', '299.00', '9.90', '1', '0');
INSERT INTO `hi_user_order_merge` VALUES ('4', '2018010411113323329347', '23', '', '9.90', '2', '', '1', '0', '0', '0', '1515035493', null, '2', '299.00', '9.90', '1', '0');
INSERT INTO `hi_user_order_merge` VALUES ('5', '2018010423421423282753', '23', '', '9.90', '2', '', '1', '0', '0', '0', '1515080534', null, '2', '299.00', '9.90', '1', '0');
INSERT INTO `hi_user_order_merge` VALUES ('6', '2018010510392933216411', '33', '4200000017201801058343892848', '9.90', '1', '', '1', '1', '0', '1515119981', '1515119969', '{\"appid\":\"wxff2188b4cc51f6e2\",\"attach\":\"2018010510392933216411-33\",\"bank_type\":\"CFT\",\"cash_fee\":\"990\",\"fee_type\":\"CNY\",\"is_subscribe\":\"N\",\"mch_id\":\"1387384102\",\"nonce_str\":\"axtt87srt5anhmp6ljpcpele0b0dnxwn\",\"openid\":\"oTFnHwKI9ErF3MmA3IDfw_HqI1rY\",\"out_trade_no\":\"2018010510392933216411\",\"result_code\":\"SUCCESS\",\"return_code\":\"SUCCESS\",\"sign\":\"B0BD46348BE8C561DB99545C37590D84\",\"time_end\":\"20180105103941\",\"total_fee\":\"990\",\"trade_type\":\"NATIVE\",\"transaction_id\":\"4200000017201801058343892848\"}', '2', '299.00', '9.90', '1', '0');
INSERT INTO `hi_user_order_merge` VALUES ('7', '2018010616555823342594', '23', '4200000030201801069165218230', '9.90', '2', '', '1', '1', '0', '1515228980', '1515228958', '{\"appid\":\"wxff2188b4cc51f6e2\",\"attach\":\"2018010616555823342594-23\",\"bank_type\":\"CMB_CREDIT\",\"cash_fee\":\"990\",\"fee_type\":\"CNY\",\"is_subscribe\":\"Y\",\"mch_id\":\"1387384102\",\"nonce_str\":\"k5m3shr0bpm45aqkf0exlxp3i45m2b1l\",\"openid\":\"oTFnHwJlyfpZkOqPFlC6gQdwZWVM\",\"out_trade_no\":\"2018010616555823342594\",\"result_code\":\"SUCCESS\",\"return_code\":\"SUCCESS\",\"sign\":\"280775083878BDCBC3B8E42AFA6403F0\",\"time_end\":\"20180106165619\",\"total_fee\":\"990\",\"trade_type\":\"NATIVE\",\"transaction_id\":\"4200000030201801069165218230\"}', '2', '299.00', '9.90', '1', '0');
INSERT INTO `hi_user_order_merge` VALUES ('8', '2018011212051123009034', '23', '4200000071201801122685606391', '0.01', '2', '', '1', '1', '0', '1515729925', '1515729911', '{\"appid\":\"wxff2188b4cc51f6e2\",\"attach\":\"2018011212051123009034-23\",\"bank_type\":\"CMB_CREDIT\",\"cash_fee\":\"1\",\"fee_type\":\"CNY\",\"is_subscribe\":\"Y\",\"mch_id\":\"1387384102\",\"nonce_str\":\"sg22nfjoubgf8awckzcic3m4ed81nayj\",\"openid\":\"oTFnHwJlyfpZkOqPFlC6gQdwZWVM\",\"out_trade_no\":\"2018011212051123009034\",\"result_code\":\"SUCCESS\",\"return_code\":\"SUCCESS\",\"sign\":\"CBD40C191A81FE36E21DFBFFA940F2A2\",\"time_end\":\"20180112120524\",\"total_fee\":\"1\",\"trade_type\":\"NATIVE\",\"transaction_id\":\"4200000071201801122685606391\"}', '9999', '129.00', '0.01', '1', '0');
INSERT INTO `hi_user_order_merge` VALUES ('9', '2018011223060463797623', '63', '', '9.90', '3', '', '2', '0', '0', '0', '1515769564', null, '2', '299.00', '9.90', '1', '0');
INSERT INTO `hi_user_order_merge` VALUES ('10', '2018011312494663970627', '63', '2018011321001004830257085861', '1.00', '3', '', '2', '1', '0', '1515819030', '1515818986', '{\"gmt_create\":\"2018-01-13 12:50:24\",\"charset\":\"UTF-8\",\"gmt_payment\":\"2018-01-13 12:50:30\",\"notify_time\":\"2018-01-13 12:50:30\",\"subject\":\"\\u8d2d\\u4e70\\u8bfe\\u7a0b\",\"sign\":\"pqDvbntxM4kLmHPxXGgicxYIClWD+kBfHWsJ\\/if9nj0XpszAEgdbj3NEyEWToe2RCyXjg5o+cfjyfVg71AUMILGrZqONdQrNN9Mgj3w+2d3Uax7JHJgvAckCf7hiJtlry8gLq3S234Fdyd97R8lf9Lni9GCgt1xUrLk6bNc4LDLaLpBU6w4fepk7hkGIu\\/1fzR7xF4BVDVcG4Ne4jCbFdj2hPrv1w5KDEiDV\\/eNS263\\/K7nJlm+QgnvaKCjNrDmBSz\\/tuM6Di\\/cirktCdPGiMQwMgljJ4UpsdZCKHEq0J0YTAn6pu5xGwGKcLj6ArgjlH+qBAXYUdi02CnJc\\/f+2Ig==\",\"buyer_id\":\"2088702260859832\",\"body\":\"<<Little Critter: Going to the Firehouse (My First I Can Read)>>\",\"invoice_amount\":\"1.00\",\"version\":\"1.0\",\"notify_id\":\"7e5dda4961213ac452fd3e52aedac71mem\",\"fund_bill_list\":\"[{\\\"amount\\\":\\\"1.00\\\",\\\"fundChannel\\\":\\\"ALIPAYACCOUNT\\\"}]\",\"notify_type\":\"trade_status_sync\",\"out_trade_no\":\"2018011312494663970627-63\",\"total_amount\":\"1.00\",\"trade_status\":\"TRADE_SUCCESS\",\"trade_no\":\"2018011321001004830257085861\",\"auth_app_id\":\"2017030706087117\",\"receipt_amount\":\"1.00\",\"point_amount\":\"0.00\",\"app_id\":\"2017030706087117\",\"buyer_pay_amount\":\"1.00\",\"sign_type\":\"RSA2\",\"seller_id\":\"2088421832020664\"}', '2', '299.00', '1.00', '1', '0');
INSERT INTO `hi_user_order_merge` VALUES ('11', '2018011319325453242031', '53', '2018011321001004900216820967', '1.00', '4', '', '2', '1', '0', '1515843336', '1515843174', '{\"gmt_create\":\"2018-01-13 19:35:27\",\"charset\":\"UTF-8\",\"gmt_payment\":\"2018-01-13 19:35:36\",\"notify_time\":\"2018-01-13 19:35:36\",\"subject\":\"\\u8d2d\\u4e70\\u8bfe\\u7a0b\",\"sign\":\"jbpebeQGqFctCACeZYrb+dzANfJviKjNsWPV046OIgXvqiXOPckIJEUxx+PSjVe\\/cxTe93uEY3SY0z4t0taTUidznzgDad9ovG+fGgnYWDurdclxaxz9uu3HgrRrCHXVGPugiE+3kPrcBF+GkVTWcz9y21Xi5XyuVijj19CCwTCJ3Js+qEQeAHs1onwoefnf5NAfT1qUu3euaeMN87whAOcXUUcKKbMzgY7kmtTj\\/XfHOIBCfHCoF2HSuzzjrBeqI1O8HOV7eukD6L9jUgXONCTp5fMs7IESq2asWcqcC4PmPgqN8+ynSBLlBUXhY8YLVg1a8d52NvMMTW94qIcysw==\",\"buyer_id\":\"2088002546268902\",\"body\":\"<<Little Critter: Going to the Firehouse (My First I Can Read)>>\",\"invoice_amount\":\"1.00\",\"version\":\"1.0\",\"notify_id\":\"cddfe2df4a665022dbb8659312b8f54my2\",\"fund_bill_list\":\"[{\\\"amount\\\":\\\"1.00\\\",\\\"fundChannel\\\":\\\"ALIPAYACCOUNT\\\"}]\",\"notify_type\":\"trade_status_sync\",\"out_trade_no\":\"2018011319325453242031-53\",\"total_amount\":\"1.00\",\"trade_status\":\"TRADE_SUCCESS\",\"trade_no\":\"2018011321001004900216820967\",\"auth_app_id\":\"2017030706087117\",\"receipt_amount\":\"1.00\",\"point_amount\":\"0.00\",\"app_id\":\"2017030706087117\",\"buyer_pay_amount\":\"1.00\",\"sign_type\":\"RSA2\",\"seller_id\":\"2088421832020664\"}', '2', '299.00', '1.00', '1', '0');
INSERT INTO `hi_user_order_merge` VALUES ('12', '2018011520372523493616', '23', '4200000069201801154786246255', '1.00', '2', '', '1', '1', '0', '1516019903', '1516019845', '{\"appid\":\"wx25b37cb6f68317b0\",\"attach\":\"2018011520372523493616-23\",\"bank_type\":\"CMB_CREDIT\",\"cash_fee\":\"100\",\"fee_type\":\"CNY\",\"is_subscribe\":\"Y\",\"mch_id\":\"1493811232\",\"nonce_str\":\"7msdjf8twx32kk3wl9ydg34i6ldnj3zd\",\"openid\":\"o-0VU09hAXY4umwoER2Avua1gU6Q\",\"out_trade_no\":\"2018011520372523493616\",\"result_code\":\"SUCCESS\",\"return_code\":\"SUCCESS\",\"sign\":\"4E894A05CAA73BFFA286D383357CC574\",\"time_end\":\"20180115203823\",\"total_fee\":\"100\",\"trade_type\":\"NATIVE\",\"transaction_id\":\"4200000069201801154786246255\"}', '4', '499.00', '1.00', '1', '0');
INSERT INTO `hi_user_order_merge` VALUES ('13', '2018012216095363818855', '63', '', '589.90', '3', '', '1', '0', '0', '0', '1516608593', null, '6', '1068.00', '580.00', '1', '0');
INSERT INTO `hi_user_order_merge` VALUES ('14', '2018012216105063103006', '63', '4200000079201801228787477544', '580.00', '3', '', '1', '1', '0', '1516608675', '1516608650', '{\"appid\":\"wx25b37cb6f68317b0\",\"attach\":\"2018012216105063103006-63\",\"bank_type\":\"CMB_CREDIT\",\"cash_fee\":\"58000\",\"fee_type\":\"CNY\",\"is_subscribe\":\"Y\",\"mch_id\":\"1493811232\",\"nonce_str\":\"tw2ybdd51j7qpb7izo94d87qdq7u9dpp\",\"openid\":\"o-0VU0y9IvO_1TxK14JX3uY5EnpM\",\"out_trade_no\":\"2018012216105063103006\",\"result_code\":\"SUCCESS\",\"return_code\":\"SUCCESS\",\"sign\":\"CD8743DBA05B91F72524DDDF576196E4\",\"time_end\":\"20180122161114\",\"total_fee\":\"58000\",\"trade_type\":\"NATIVE\",\"transaction_id\":\"4200000079201801228787477544\"}', '6', '1068.00', '580.00', '1', '0');
INSERT INTO `hi_user_order_merge` VALUES ('15', '2018012220245373528281', '73', '4200000073201801228956564901', '580.00', '5', '', '1', '1', '0', '1516623923', '1516623893', '{\"appid\":\"wx25b37cb6f68317b0\",\"attach\":\"2018012220245373528281-73\",\"bank_type\":\"ICBC_DEBIT\",\"cash_fee\":\"58000\",\"fee_type\":\"CNY\",\"is_subscribe\":\"N\",\"mch_id\":\"1493811232\",\"nonce_str\":\"ny9ul9i3keughkro0j9lg0qxhpyay5gk\",\"openid\":\"o-0VU01MFzuP7sROKPYVWbbyW474\",\"out_trade_no\":\"2018012220245373528281\",\"result_code\":\"SUCCESS\",\"return_code\":\"SUCCESS\",\"sign\":\"5E4AC19917C7B6D5DC68F2E4940FEF4D\",\"time_end\":\"20180122202523\",\"total_fee\":\"58000\",\"trade_type\":\"NATIVE\",\"transaction_id\":\"4200000073201801228956564901\"}', '6', '1068.00', '580.00', '1', '0');
INSERT INTO `hi_user_order_merge` VALUES ('16', '2018012220321823332627', '23', '', '199.00', '2', '', '2', '0', '0', '0', '1516624338', null, '3', '299.00', '199.00', '1', '0');
INSERT INTO `hi_user_order_merge` VALUES ('17', '2018012220332023218205', '23', '', '399.00', '2', '', '2', '0', '0', '0', '1516624400', null, '1', '499.00', '399.00', '1', '0');
INSERT INTO `hi_user_order_merge` VALUES ('18', '2018012611530123965087', '23', '2018012621001004700277365994', '1.00', '2', '', '2', '1', '0', '1516938830', '1516938781', '{\"gmt_create\":\"2018-01-26 11:53:13\",\"charset\":\"UTF-8\",\"gmt_payment\":\"2018-01-26 11:53:50\",\"notify_time\":\"2018-01-26 11:53:50\",\"subject\":\"\\u8d2d\\u4e70\\u8bfe\\u7a0b\",\"sign\":\"BkLsoZpZYMFgaGATlYLkf12tR8bRUV6cKhoL8ZdGSKjRKqkwE3oemOYEjcFxRbBX66hGY4hdI4S34kNokYeIxSnraCZjGeIoY\\/LkwrO3xY7VTzlLQKZOk6HVCh\\/MLRU5Tb2S6wsjHMFZD2TpQwmjFdyKwtUChd8Qk1mh\\/wIXJWFJ0VBD6cLKLE3XGKsEDdXvfEnC5u+HeqoQMgljoDdI5e\\/XwhBG\\/0rP7niRtebdyue1SIXJ47+T1mmvkyw3NlPCA+E\\/7hAF03Riz6V3hd2BQgwR75enq5putfO1IFwW4ujsBddWrOKroat7eUfR9E8QtRwLK\\/n1yLgwvl4+7EbH3g==\",\"buyer_id\":\"2088002350787709\",\"body\":\"<<Little Critter: Going to the Firehouse (My First I Can Read)>>\",\"invoice_amount\":\"1.00\",\"version\":\"1.0\",\"notify_id\":\"ac646db2c8960a3ecf19bf777900acdlei\",\"fund_bill_list\":\"[{\\\"amount\\\":\\\"1.00\\\",\\\"fundChannel\\\":\\\"ALIPAYACCOUNT\\\"}]\",\"notify_type\":\"trade_status_sync\",\"out_trade_no\":\"2018012611530123965087-23\",\"total_amount\":\"1.00\",\"trade_status\":\"TRADE_SUCCESS\",\"trade_no\":\"2018012621001004700277365994\",\"auth_app_id\":\"2017120100303215\",\"receipt_amount\":\"1.00\",\"point_amount\":\"0.00\",\"app_id\":\"2017120100303215\",\"buyer_pay_amount\":\"1.00\",\"sign_type\":\"RSA2\",\"seller_id\":\"2088821925101766\"}', '2', '299.00', '1.00', '1', '0');
INSERT INTO `hi_user_order_merge` VALUES ('19', '2018012723250723875622', '23', '', '589.90', '2', '', '1', '0', '0', '0', '1517066707', null, '6', '1068.00', '580.00', '1', '0');
INSERT INTO `hi_user_order_merge` VALUES ('20', '2018012723263823300819', '23', '', '580.00', '2', '', '1', '0', '0', '0', '1517066798', null, '6', '1068.00', '580.00', '1', '0');
INSERT INTO `hi_user_order_merge` VALUES ('21', '2018012812125983833417', '83', '4200000066201801282303160540', '580.00', '6', '', '1', '1', '0', '1517112804', '1517112779', '{\"appid\":\"wx25b37cb6f68317b0\",\"attach\":\"2018012812125983833417-83\",\"bank_type\":\"CFT\",\"cash_fee\":\"58000\",\"fee_type\":\"CNY\",\"is_subscribe\":\"Y\",\"mch_id\":\"1493811232\",\"nonce_str\":\"6z6e981y1gmojcc97saf2cr26qhd4xfm\",\"openid\":\"o-0VU0xB6-78r6YuH2YEnz1l4t_U\",\"out_trade_no\":\"2018012812125983833417\",\"result_code\":\"SUCCESS\",\"return_code\":\"SUCCESS\",\"sign\":\"F9A9408CE1B88A63C853CC3BA7934970\",\"time_end\":\"20180128121323\",\"total_fee\":\"58000\",\"trade_type\":\"NATIVE\",\"transaction_id\":\"4200000066201801282303160540\"}', '6', '1068.00', '580.00', '1', '0');
INSERT INTO `hi_user_order_merge` VALUES ('1', '2018010311150534658954', '34', '', '9.90', '1', '', '1', '0', '0', '0', '1514949305', null, '2', '299.00', '9.90', '1', '0');
INSERT INTO `hi_user_order_merge` VALUES ('2', '2018010716163024139723', '24', '2018010721001004540281327376', '9.90', '2', '', '2', '1', '0', '1515313006', '1515312990', '{\"gmt_create\":\"2018-01-07 16:16:35\",\"charset\":\"UTF-8\",\"gmt_payment\":\"2018-01-07 16:16:45\",\"notify_time\":\"2018-01-07 16:16:45\",\"subject\":\"\\u8d2d\\u4e70\\u8bfe\\u7a0b\",\"sign\":\"LVG755QdtPSQe6rnTUwmoKC\\/vV2bz5rr0tV6Q6G8z8Irk2OqVBnIVrrOCfU89X\\/EM\\/Xe7BdGsdbqfU\\/Zt2j3oJoroBr+NBUkFMoDKCOxS88h03SKme\\/CUUgL6AuO4GACHz5KSisNro46Wqtpxjlx840b\\/IKbdfSUqJKTzeVms83siUr7MSqg+DzxKrCfKYaukKCYXkSPAB80YA7gj19qfM4Oc\\/\\/kQutVAlB2Rs+q8cesF\\/xsHX9ny6AsHhtTt2HHYni3RkR2DF+toorH\\/Nu08Ye9MSG4GI2sWg6e+tkPc31EposyZRoOAcSAMojef4mnREEVtAYf0uT0SqYHhQlnHg==\",\"buyer_id\":\"2088022689578544\",\"body\":\"<<Little Critter: Going to the Firehouse (My First I Can Read)>>\",\"invoice_amount\":\"9.90\",\"version\":\"1.0\",\"notify_id\":\"138e6a81fa92f3aca399cb742909ecfk62\",\"fund_bill_list\":\"[{\\\"amount\\\":\\\"9.90\\\",\\\"fundChannel\\\":\\\"ALIPAYACCOUNT\\\"}]\",\"notify_type\":\"trade_status_sync\",\"out_trade_no\":\"2018010716163024139723-24\",\"total_amount\":\"9.90\",\"trade_status\":\"TRADE_SUCCESS\",\"trade_no\":\"2018010721001004540281327376\",\"auth_app_id\":\"2017030706087117\",\"receipt_amount\":\"9.90\",\"point_amount\":\"0.00\",\"app_id\":\"2017030706087117\",\"buyer_pay_amount\":\"9.90\",\"sign_type\":\"RSA2\",\"seller_id\":\"2088421832020664\"}', '2', '299.00', '9.90', '1', '0');
INSERT INTO `hi_user_order_merge` VALUES ('3', '2018011019212854474854', '54', '4200000068201801101722078612', '9.90', '3', '', '1', '1', '0', '1515583299', '1515583288', '{\"appid\":\"wxff2188b4cc51f6e2\",\"attach\":\"2018011019212854474854-54\",\"bank_type\":\"CFT\",\"cash_fee\":\"990\",\"fee_type\":\"CNY\",\"is_subscribe\":\"N\",\"mch_id\":\"1387384102\",\"nonce_str\":\"yiychnup6d7khc5h3zk44uhw2p4o4l85\",\"openid\":\"oTFnHwMiLGJ2GXnygeoKqDJqE4Hg\",\"out_trade_no\":\"2018011019212854474854\",\"result_code\":\"SUCCESS\",\"return_code\":\"SUCCESS\",\"sign\":\"F122488FF291D174C059741560608D5A\",\"time_end\":\"20180110192139\",\"total_fee\":\"990\",\"trade_type\":\"NATIVE\",\"transaction_id\":\"4200000068201801101722078612\"}', '2', '299.00', '9.90', '1', '0');
INSERT INTO `hi_user_order_merge` VALUES ('4', '2018011717325464210646', '64', '4200000054201801175779683600', '1.00', '4', '', '1', '1', '0', '1516181614', '1516181574', '{\"appid\":\"wx25b37cb6f68317b0\",\"attach\":\"2018011717325464210646-64\",\"bank_type\":\"CFT\",\"cash_fee\":\"100\",\"fee_type\":\"CNY\",\"is_subscribe\":\"Y\",\"mch_id\":\"1493811232\",\"nonce_str\":\"m07qulb3up2dy2ulxj3ytw8eagm7s4os\",\"openid\":\"o-0VU01x7BDo0dugEc3cmq2WYe0Y\",\"out_trade_no\":\"2018011717325464210646\",\"result_code\":\"SUCCESS\",\"return_code\":\"SUCCESS\",\"sign\":\"518C2B001646A8B98338F8DA8D0FA2B9\",\"time_end\":\"20180117173334\",\"total_fee\":\"100\",\"trade_type\":\"MWEB\",\"transaction_id\":\"4200000054201801175779683600\"}', '2', '299.00', '1.00', '1', '0');
INSERT INTO `hi_user_order_merge` VALUES ('5', '2018012221361774268287', '74', '', '9.90', '5', '', '1', '0', '0', '0', '1516628177', null, '2', '299.00', '9.90', '1', '0');
INSERT INTO `hi_user_order_merge` VALUES ('6', '2018012716221784728237', '84', '2018012721001004570215014891', '580.00', '6', '', '2', '1', '0', '1517041350', '1517041337', '{\"gmt_create\":\"2018-01-27 16:22:24\",\"charset\":\"UTF-8\",\"gmt_payment\":\"2018-01-27 16:22:30\",\"notify_time\":\"2018-01-27 16:22:30\",\"subject\":\"\\u8d2d\\u4e70\\u8bfe\\u7a0b\",\"sign\":\"YvkNXCyCcLYQ6HkwC5kdD0OdYUBfHBITwLSwI9v5avK9pA5\\/H1Vd+MflADOYRkQfZCTc7FChI0tZe627m6wUr0v1xoMDVnPSNXy\\/0xNb6Se20i9lgq5X8GhAf+IVvh\\/NZx2KybraUUvuLrFcD9wv\\/kwNADnItBpM3slcVZKdDNcxawmk8vEycJzzxXU\\/u9mvZVjp2dAOc4kRc5DF55xMx8RHkjoxXuzSjj5CzLAz9IKwZ\\/l2wGuFVTS60UiWPmXTsZNOHhMqQs1rAWbpdHryeduWoCdi9kOJ+7OyEQREOHjK9YaSVNDZ\\/sR1+mbMVMlixueXVBNyAQtcG\\/FpgzWI3Q==\",\"buyer_id\":\"2088002448395575\",\"body\":\"<<Pete at the Beach & I Am Snow (\\u7cbe\\u8bfb)\\uff1b\\nI Love My Whie Shoes & I Am Water (\\u6cdb\\u8bfb\\uff09>>\",\"invoice_amount\":\"580.00\",\"version\":\"1.0\",\"notify_id\":\"b04bc0f951310f52485ffc0c21a5a26kee\",\"fund_bill_list\":\"[{\\\"amount\\\":\\\"580.00\\\",\\\"fundChannel\\\":\\\"ALIPAYACCOUNT\\\"}]\",\"notify_type\":\"trade_status_sync\",\"out_trade_no\":\"2018012716221784728237-84\",\"total_amount\":\"580.00\",\"trade_status\":\"TRADE_SUCCESS\",\"trade_no\":\"2018012721001004570215014891\",\"auth_app_id\":\"2017120100303215\",\"receipt_amount\":\"580.00\",\"point_amount\":\"0.00\",\"app_id\":\"2017120100303215\",\"buyer_pay_amount\":\"580.00\",\"sign_type\":\"RSA2\",\"seller_id\":\"2088821925101766\"}', '6', '1068.00', '580.00', '1', '0');
INSERT INTO `hi_user_order_merge` VALUES ('1', '2018010311080035934550', '35', '4200000012201801037085334900', '9.90', '1', '', '1', '1', '0', '1514948894', '1514948880', '{\"appid\":\"wxff2188b4cc51f6e2\",\"attach\":\"2018010311080035934550-35\",\"bank_type\":\"CMB_CREDIT\",\"cash_fee\":\"990\",\"fee_type\":\"CNY\",\"is_subscribe\":\"N\",\"mch_id\":\"1387384102\",\"nonce_str\":\"8kr98vs6ye4wju7nlruar8c0r4d6b3oq\",\"openid\":\"oTFnHwINGzmWIhvODPbGO_AKzT9M\",\"out_trade_no\":\"2018010311080035934550\",\"result_code\":\"SUCCESS\",\"return_code\":\"SUCCESS\",\"sign\":\"86190E2C7A08918A0286FDDDD3FD6902\",\"time_end\":\"20180103110814\",\"total_fee\":\"990\",\"trade_type\":\"NATIVE\",\"transaction_id\":\"4200000012201801037085334900\"}', '2', '299.00', '9.90', '1', '0');
INSERT INTO `hi_user_order_merge` VALUES ('2', '2018010321090825445246', '25', '2018010321001004060273551173', '9.90', '2', '', '2', '1', '0', '1514985029', '1514984948', '{\"gmt_create\":\"2018-01-03 21:10:08\",\"charset\":\"UTF-8\",\"gmt_payment\":\"2018-01-03 21:10:29\",\"notify_time\":\"2018-01-03 21:10:29\",\"subject\":\"\\u8d2d\\u4e70\\u8bfe\\u7a0b\",\"sign\":\"TI0N7Au+a0jTk6wU28trD1PmeHH2yYrhubZCOqpKxDkWXTutf7yxhrQkZn7rYXdTQSjmbrShG3iA05kJI3XVF0+ae5cV1ad2XGJ\\/hH7Uf6FgLV2tmCJvPj3A0+lNBJIIiMXNvLzT5gBadDlRT\\/GfMz921Hkd3xpTj45xxzTnoFooHB\\/bQJoMjZdeCnDjK1BmTKYQj0tBth8In8HS4ijuuM+MHzKJA29MZHdRsQCX+ArT8snZz6NysWUDIkCVFhLanrgOvR1DDEGah0Yxs\\/tPQgGpBSmtSNugCq9BPRiAF7Cn2yoy1iELDJsdic61KW5bJFFB1uZFxTeFG7g8kNemOA==\",\"buyer_id\":\"2088002852457065\",\"body\":\"<<Little Critter: Going to the Firehouse (My First I Can Read)>>\",\"invoice_amount\":\"9.90\",\"version\":\"1.0\",\"notify_id\":\"439c544ed0dfa38d81540a027733e78ggq\",\"fund_bill_list\":\"[{\\\"amount\\\":\\\"9.90\\\",\\\"fundChannel\\\":\\\"ALIPAYACCOUNT\\\"}]\",\"notify_type\":\"trade_status_sync\",\"out_trade_no\":\"2018010321090825445246-25\",\"total_amount\":\"9.90\",\"trade_status\":\"TRADE_SUCCESS\",\"trade_no\":\"2018010321001004060273551173\",\"auth_app_id\":\"2017030706087117\",\"receipt_amount\":\"9.90\",\"point_amount\":\"0.00\",\"app_id\":\"2017030706087117\",\"buyer_pay_amount\":\"9.90\",\"sign_type\":\"RSA2\",\"seller_id\":\"2088421832020664\"}', '2', '299.00', '9.90', '1', '0');
INSERT INTO `hi_user_order_merge` VALUES ('3', '2018010322221345984049', '45', '4200000020201801037582082902', '9.90', '3', '', '1', '1', '0', '1514989359', '1514989333', '{\"appid\":\"wxff2188b4cc51f6e2\",\"attach\":\"2018010322221345984049-45\",\"bank_type\":\"SPDB_CREDIT\",\"cash_fee\":\"990\",\"fee_type\":\"CNY\",\"is_subscribe\":\"N\",\"mch_id\":\"1387384102\",\"nonce_str\":\"otprbwaepqtw6rsihso0hvbugrza5dpw\",\"openid\":\"oTFnHwCIagJGJAskuakqxYB6LsfE\",\"out_trade_no\":\"2018010322221345984049\",\"result_code\":\"SUCCESS\",\"return_code\":\"SUCCESS\",\"sign\":\"0CE82A86900B9D1C120960F462E5A35D\",\"time_end\":\"20180103222238\",\"total_fee\":\"990\",\"trade_type\":\"NATIVE\",\"transaction_id\":\"4200000020201801037582082902\"}', '2', '299.00', '9.90', '1', '0');
INSERT INTO `hi_user_order_merge` VALUES ('4', '2018011220444125096090', '25', '2018011221001004060202716775', '69.00', '2', '', '2', '1', '0', '1515761115', '1515761081', '{\"gmt_create\":\"2018-01-12 20:44:59\",\"charset\":\"UTF-8\",\"gmt_payment\":\"2018-01-12 20:45:15\",\"notify_time\":\"2018-01-12 20:45:15\",\"subject\":\"\\u8d2d\\u4e70\\u8bfe\\u7a0b\",\"sign\":\"ks87PMvGdvOYUIaGKAKtaWibdNtLw4UVj55MpI\\/XhNUoU8LUaq6piMtlnmDiDYf3ePYGUNC1OoKQwyyp6EDCqNNG1bv+ay4sAJtkCb+7bQDQ+fB6AiTNH061C6Ox3lwSIh7Rp51axNAkYtxJv9SIFASdhuo7H5pfpyHV02A1mmGd3ZLA2TT14PNS9mTlQhgtqaJxgeZ708j8pjZUKiBZDAf5Eu0DVhjFLsnk3BEmXNU7hKWcopTuPqt\\/tJ2mxbYT26O6s8Zr5aogH2wx65UEJ8EJNrRW0pWkQC7oD3w+Cp3UvwnG7GfYsUuZsuIYTiQZL0sTivycjHX6g\\/v7bjZ2cA==\",\"buyer_id\":\"2088002852457065\",\"body\":\"<<\\u5916\\u6559\\u76f4\\u64ad\\u8bfe\\u7a0b>>\",\"invoice_amount\":\"69.00\",\"version\":\"1.0\",\"notify_id\":\"0a152afe66c121429165ab862e74456ggq\",\"fund_bill_list\":\"[{\\\"amount\\\":\\\"69.00\\\",\\\"fundChannel\\\":\\\"ALIPAYACCOUNT\\\"}]\",\"notify_type\":\"trade_status_sync\",\"out_trade_no\":\"2018011220444125096090-25\",\"total_amount\":\"69.00\",\"trade_status\":\"TRADE_SUCCESS\",\"trade_no\":\"2018011221001004060202716775\",\"auth_app_id\":\"2017030706087117\",\"receipt_amount\":\"69.00\",\"point_amount\":\"0.00\",\"app_id\":\"2017030706087117\",\"buyer_pay_amount\":\"69.00\",\"sign_type\":\"RSA2\",\"seller_id\":\"2088421832020664\"}', '9999', '129.00', '69.00', '1', '0');
INSERT INTO `hi_user_order_merge` VALUES ('5', '2018011720445265567106', '65', '', '1.00', '4', '', '1', '0', '0', '0', '1516193092', null, '2', '299.00', '1.00', '1', '0');
INSERT INTO `hi_user_order_merge` VALUES ('6', '2018011817444625071407', '25', '2018011821001004060226918419', '580.00', '2', '', '2', '1', '0', '1516268727', '1516268686', '{\"gmt_create\":\"2018-01-18 17:44:55\",\"charset\":\"UTF-8\",\"gmt_payment\":\"2018-01-18 17:45:26\",\"notify_time\":\"2018-01-18 17:45:27\",\"subject\":\"\\u8d2d\\u4e70\\u8bfe\\u7a0b\",\"sign\":\"gI4dh\\/TlvmEvuUZbJ3EpXPLHp8SIXslxiY8kvrs1f4wy2Ny9e2L5h6lzdGlB4LVJxWMb\\/o2qTDI4RgBZQeukohAB\\/g0v7gPtdQVC+dI+1j20beeFS3FgwPlIUp3SOMfb782Gkqgvbft2CfI6k0L368nSq1X\\/LRbcI\\/LJTEZUOT8fL5c3VSmUTZEGYEDDutmaRQ+8WkWOmRPkUP+OEs6fEDAbDzw688NdlFc+QfWAGER9Z0D8uL\\/stKeGzCGRxPKus2ziHklgrjYyFwEmVUbGK98fJwKiDxmDbNkl6Pt+S4V7d7HwON\\/UaOmJcFsdqI70KcNvCqX+019tXnPSX0Hxdw==\",\"buyer_id\":\"2088002852457065\",\"body\":\"<<Pete at the Beach & I Am Snow (\\u7cbe\\u8bfb)\\uff1b\\nI Love My Whie Shoes & I Am Water (\\u6cdb\\u8bfb\\uff09>>\",\"invoice_amount\":\"580.00\",\"version\":\"1.0\",\"notify_id\":\"3ed6dc271333b6e45ce2e49600af149ggq\",\"fund_bill_list\":\"[{\\\"amount\\\":\\\"580.00\\\",\\\"fundChannel\\\":\\\"ALIPAYACCOUNT\\\"}]\",\"notify_type\":\"trade_status_sync\",\"out_trade_no\":\"2018011817444625071407-25\",\"total_amount\":\"580.00\",\"trade_status\":\"TRADE_SUCCESS\",\"trade_no\":\"2018011821001004060226918419\",\"auth_app_id\":\"2017030706087117\",\"receipt_amount\":\"580.00\",\"point_amount\":\"0.00\",\"app_id\":\"2017030706087117\",\"buyer_pay_amount\":\"580.00\",\"sign_type\":\"RSA2\",\"seller_id\":\"2088421832020664\"}', '6', '1068.00', '580.00', '1', '0');
INSERT INTO `hi_user_order_merge` VALUES ('7', '2018012222133675449111', '75', '4200000056201801229029193114', '580.00', '5', '', '1', '1', '0', '1516630431', '1516630416', '{\"appid\":\"wx25b37cb6f68317b0\",\"attach\":\"2018012222133675449111-75\",\"bank_type\":\"CFT\",\"cash_fee\":\"58000\",\"fee_type\":\"CNY\",\"is_subscribe\":\"N\",\"mch_id\":\"1493811232\",\"nonce_str\":\"0d9ug06rzkijdid0reis26aj2t5sk3nb\",\"openid\":\"o-0VU0713f_n88KNwB8N3zyGK9Ec\",\"out_trade_no\":\"2018012222133675449111\",\"result_code\":\"SUCCESS\",\"return_code\":\"SUCCESS\",\"sign\":\"2CE93BF93701ABBF2922463C925DEBB4\",\"time_end\":\"20180122221351\",\"total_fee\":\"58000\",\"trade_type\":\"NATIVE\",\"transaction_id\":\"4200000056201801229029193114\"}', '6', '1068.00', '580.00', '1', '0');
INSERT INTO `hi_user_order_merge` VALUES ('8', '2018012719180485778047', '85', '2018012721001004880246386064', '580.00', '6', '', '2', '1', '0', '1517051944', '1517051884', '{\"gmt_create\":\"2018-01-27 19:18:32\",\"charset\":\"UTF-8\",\"gmt_payment\":\"2018-01-27 19:19:03\",\"notify_time\":\"2018-01-27 19:19:04\",\"subject\":\"\\u8d2d\\u4e70\\u8bfe\\u7a0b\",\"sign\":\"KzEMbkUmGa3YFqicAserDZsK5QI7Nd5TIjSXrhSbOAtlYo21GMZuYv7aV4sTtf9FsPrlHNX7IGZDFrkBdMIA1jkZKgSnWRUWNCkunpl+e\\/kBxzGSpA9lnkgOq7dQvuJhyBZj2CAj+lTad9r3BNh9bWgOytMm8eU8ZbeQNeS0cc3U3zZdk6y3rI2Z4MhnMBMeeHESMUyowxP3+GIdf1NAV2WgJqaVQwICrKc3tvjmRTNk2RnlUCPelzLZmj8CUSqjGJBH747S7SwfIDqnjWyjfZqLlmN1UK2MRu\\/m4DD4knVscplgXsSj8c3niqzs8FBl+V8EVWxQ99hhxH\\/hhHqJ+A==\",\"buyer_id\":\"2088222391976883\",\"body\":\"<<Pete at the Beach & I Am Snow (\\u7cbe\\u8bfb)\\uff1b\\nI Love My Whie Shoes & I Am Water (\\u6cdb\\u8bfb\\uff09>>\",\"invoice_amount\":\"580.00\",\"version\":\"1.0\",\"notify_id\":\"ceae3752b624822004c0b03f017a525msi\",\"fund_bill_list\":\"[{\\\"amount\\\":\\\"580.00\\\",\\\"fundChannel\\\":\\\"ALIPAYACCOUNT\\\"}]\",\"notify_type\":\"trade_status_sync\",\"out_trade_no\":\"2018012719180485778047-85\",\"total_amount\":\"580.00\",\"trade_status\":\"TRADE_SUCCESS\",\"trade_no\":\"2018012721001004880246386064\",\"auth_app_id\":\"2017120100303215\",\"receipt_amount\":\"580.00\",\"point_amount\":\"0.00\",\"app_id\":\"2017120100303215\",\"buyer_pay_amount\":\"580.00\",\"sign_type\":\"RSA2\",\"seller_id\":\"2088821925101766\"}', '6', '1068.00', '580.00', '1', '0');
INSERT INTO `hi_user_order_merge` VALUES ('2', '2018010113594426962687', '26', '2018010121001004460295163305', '9.90', '2', '', '2', '1', '0', '1514786411', '1514786384', '{\"gmt_create\":\"2018-01-01 14:00:07\",\"charset\":\"UTF-8\",\"gmt_payment\":\"2018-01-01 14:00:11\",\"notify_time\":\"2018-01-01 14:00:11\",\"subject\":\"\\u8d2d\\u4e70\\u8bfe\\u7a0b\",\"sign\":\"YJ9lo0G5Ue4\\/tXMlJjkdixh+pGU8UZxydDCTibzo5ZbC80GmzcOw\\/lYTPr9Z+T2JvAXfokqwBlYo4OnxbvZ99DFA44ogdJ43A7Q17pefTo2wnym+gYNkrMsQ8sSyAg9a6bc+I99g+bz2GlrSr\\/ityfHRpMiIHX+3VAU3JFtOuFlLSm7xnZE4A\\/STEQGmFVFD1mHITEHorJxXs9r4jsL5UqQG3DQA7oVGBV4aeKAuDGi2z51JhX1QKE\\/zAvmunfzirPA0n3KuYTCMZieRcJbB8sFubLzJHfT+RJpXrI\\/d8lTAnauJbITkVNnxq3\\/1KGax2mRxagqtxL+Mxy83G1ucCw==\",\"buyer_id\":\"2088002639682462\",\"body\":\"<<Little Critter: Going to the Firehouse (My First I Can Read)>>\",\"invoice_amount\":\"9.90\",\"version\":\"1.0\",\"notify_id\":\"73cb9b3bb7f169008163e05fa6e12d6jju\",\"fund_bill_list\":\"[{\\\"amount\\\":\\\"9.90\\\",\\\"fundChannel\\\":\\\"ALIPAYACCOUNT\\\"}]\",\"notify_type\":\"trade_status_sync\",\"out_trade_no\":\"2018010113594426962687-26\",\"total_amount\":\"9.90\",\"trade_status\":\"TRADE_SUCCESS\",\"trade_no\":\"2018010121001004460295163305\",\"auth_app_id\":\"2017030706087117\",\"receipt_amount\":\"9.90\",\"point_amount\":\"0.00\",\"app_id\":\"2017030706087117\",\"buyer_pay_amount\":\"9.90\",\"sign_type\":\"RSA2\",\"seller_id\":\"2088421832020664\"}', '2', '299.00', '9.90', '1', '0');
INSERT INTO `hi_user_order_merge` VALUES ('3', '2018010311320736952090', '36', '2018010321001004140220037309', '9.90', '3', '', '2', '1', '0', '1514950446', '1514950327', '{\"gmt_create\":\"2018-01-03 11:33:38\",\"charset\":\"UTF-8\",\"gmt_payment\":\"2018-01-03 11:34:05\",\"notify_time\":\"2018-01-03 11:34:06\",\"subject\":\"\\u8d2d\\u4e70\\u8bfe\\u7a0b\",\"sign\":\"qnhf1wVgmaeXIhBZPX6qtCLop4EHfJMRA5eofA2RNa5ipIb+FQrKQmAsf29l5Q1cJWHqRBJxQ6WmzDiEoXniXJSDcxsYdJw4X7cOR\\/csgb2lhfMuNBUlt3zQo\\/RNrlf9yAinykLhPAeUDk+E7lhACnf1v0viC\\/qMTu6HLpnFlxtPwQDSpdAqZAO3E+HZk4Y4omjh1OHjpg8885gguH\\/xR0eTAHrcCjDvUabVtkmeiahzxwcSzVFE9B9exIWi1WmqImHlnaBBymAkwV+C1Rxx98D9ql6E6ZOOlBhyr\\/wUOBDwGgmbG27T6+XmRIBdAifXXR\\/AFwSOb\\/9VeKaKGZqdZw==\",\"buyer_id\":\"2088002001097140\",\"body\":\"<<Little Critter: Going to the Firehouse (My First I Can Read)>>\",\"invoice_amount\":\"9.90\",\"version\":\"1.0\",\"notify_id\":\"b7872b4180628ab13cfb6a214600631h2y\",\"fund_bill_list\":\"[{\\\"amount\\\":\\\"9.90\\\",\\\"fundChannel\\\":\\\"ALIPAYACCOUNT\\\"}]\",\"notify_type\":\"trade_status_sync\",\"out_trade_no\":\"2018010311320736952090-36\",\"total_amount\":\"9.90\",\"trade_status\":\"TRADE_SUCCESS\",\"trade_no\":\"2018010321001004140220037309\",\"auth_app_id\":\"2017030706087117\",\"receipt_amount\":\"9.90\",\"point_amount\":\"0.00\",\"app_id\":\"2017030706087117\",\"buyer_pay_amount\":\"9.90\",\"sign_type\":\"RSA2\",\"seller_id\":\"2088421832020664\"}', '2', '299.00', '9.90', '1', '0');
INSERT INTO `hi_user_order_merge` VALUES ('4', '2018010410581746556607', '46', '2018010421001004670552059987', '9.90', '4', '', '2', '1', '0', '1515034719', '1515034697', '{\"gmt_create\":\"2018-01-04 10:58:31\",\"charset\":\"UTF-8\",\"gmt_payment\":\"2018-01-04 10:58:38\",\"notify_time\":\"2018-01-04 10:58:38\",\"subject\":\"\\u8d2d\\u4e70\\u8bfe\\u7a0b\",\"sign\":\"l3MCYjFemwwXN284g2UM7K1QBDWSr1QdvJNNRjkejON2WojA+tigGCNZGmicq7M7p+w7HlwoZ6xaBUegq3sydfij4jhgXMLQEtkfz74qtk1Va6W28XlNncIflo4xLcxRebeeYMTe7kujZA0TjU+jzILgrf8EaG04iLd+tZD4nESfttFosJrE3dL9Nr4xN795O7DYimUy9sg6DFKzeJ+ztNs20f4tzgHF9yQxahEfuKAiQkw1hhLxXtRXfNadQFXEhqDN7U\\/UeDPvhTNR\\/2QIeOxFsBZA1PLvKkxv1WBaESp1qSnAD3qOwZ5cVcYrPWoHrPSZ43onvE4\\/\\/LUxWUxHDg==\",\"buyer_id\":\"2088812089695673\",\"body\":\"<<Little Critter: Going to the Firehouse (My First I Can Read)>>\",\"invoice_amount\":\"9.90\",\"version\":\"1.0\",\"notify_id\":\"d362d0806453db830d492a67ab019eel69\",\"fund_bill_list\":\"[{\\\"amount\\\":\\\"9.90\\\",\\\"fundChannel\\\":\\\"ALIPAYACCOUNT\\\"}]\",\"notify_type\":\"trade_status_sync\",\"out_trade_no\":\"2018010410581746556607-46\",\"total_amount\":\"9.90\",\"trade_status\":\"TRADE_SUCCESS\",\"trade_no\":\"2018010421001004670552059987\",\"auth_app_id\":\"2017030706087117\",\"receipt_amount\":\"9.90\",\"point_amount\":\"0.00\",\"app_id\":\"2017030706087117\",\"buyer_pay_amount\":\"9.90\",\"sign_type\":\"RSA2\",\"seller_id\":\"2088421832020664\"}', '2', '299.00', '9.90', '1', '0');
INSERT INTO `hi_user_order_merge` VALUES ('5', '2018011820484666175834', '66', '2018011821001004790579835636', '580.00', '5', '', '2', '1', '0', '1516279779', '1516279726', '{\"gmt_create\":\"2018-01-18 20:49:24\",\"charset\":\"UTF-8\",\"gmt_payment\":\"2018-01-18 20:49:39\",\"notify_time\":\"2018-01-18 20:49:39\",\"subject\":\"\\u8d2d\\u4e70\\u8bfe\\u7a0b\",\"sign\":\"tZz1DAlzzsRaidym5mt6k72n2MjnpGKu4GR1YMdOvSGRd4P9SPaF+2gDjUghlsbM\\/WvjoKFG4Wj9\\/EHK+HiwJyB\\/kf9KvFECsIlkAMe0gb5rxIovP51LFHf+5bpTtnQyEpmyFPG1tnIMDQ6IhlIzo43O45RW9lWnEMxd+bI9xfQ5Ydda1hZzNFSICAzNJwJNpClkQ7RNxNqyTE\\/2Gl01E95XleVCaT1OIEJudB652QLA45MZj\\/BAnW1Xxj0rk2FfGwufjK3ezZpeZgK\\/qoGaFahmHuXk1p3W8FykVTJcI8xLb\\/CWsRtgV1nmF1nJ3EJeOYeMUB7ThuGGkPoC9GxWzQ==\",\"buyer_id\":\"2088822639381792\",\"body\":\"<<Pete at the Beach & I Am Snow (\\u7cbe\\u8bfb)\\uff1b\\nI Love My Whie Shoes & I Am Water (\\u6cdb\\u8bfb\\uff09>>\",\"invoice_amount\":\"580.00\",\"version\":\"1.0\",\"notify_id\":\"75bccb20c5eda7b3259d575fb024b1em3l\",\"fund_bill_list\":\"[{\\\"amount\\\":\\\"580.00\\\",\\\"fundChannel\\\":\\\"ALIPAYACCOUNT\\\"}]\",\"notify_type\":\"trade_status_sync\",\"out_trade_no\":\"2018011820484666175834-66\",\"total_amount\":\"580.00\",\"trade_status\":\"TRADE_SUCCESS\",\"trade_no\":\"2018011821001004790579835636\",\"auth_app_id\":\"2017030706087117\",\"receipt_amount\":\"580.00\",\"point_amount\":\"0.00\",\"app_id\":\"2017030706087117\",\"buyer_pay_amount\":\"580.00\",\"sign_type\":\"RSA2\",\"seller_id\":\"2088421832020664\"}', '6', '1068.00', '580.00', '1', '0');
INSERT INTO `hi_user_order_merge` VALUES ('6', '2018011821003566639585', '66', '2018011821001004790581214735', '1.00', '5', '', '2', '1', '0', '1516280462', '1516280435', '{\"gmt_create\":\"2018-01-18 21:00:51\",\"charset\":\"UTF-8\",\"gmt_payment\":\"2018-01-18 21:01:02\",\"notify_time\":\"2018-01-18 21:01:02\",\"subject\":\"\\u8d2d\\u4e70\\u8bfe\\u7a0b\",\"sign\":\"TZ44eVKwowkVHGKh5fZC26CXeGPfZ6d6OyW+\\/sZDqt4rNn4iZXtIMeDWWr5kU+6H88\\/1mtFitBX7FJzP\\/7ettGb8jAXUCAc92Wj8+vGwSlpEgg3ECyPPil4LJktnK43GH5FZliVsjiaYVrHkzv61fCOWpwohUlbec4212s6q4IRAhuZtX8M5z6mhHl9ztlKGIrQQCVL7IXP3Zr5PO92A5mTpvrM3PwRt3dL6Myz77fVzx5S7HG0Ml1+COG6u7c3LcUxA1eCHs0+WbxruTpjJGOk+JadOuYqK\\/djIyxyp48f6J79u8mcNQYv3pr0ib49HSH02m\\/eXBkArdByGMSUaTQ==\",\"buyer_id\":\"2088822639381792\",\"body\":\"<<Little Critter: Going to the Firehouse (My First I Can Read)>>\",\"invoice_amount\":\"1.00\",\"version\":\"1.0\",\"notify_id\":\"3c340a70a653a19f06695c1e393c768m3l\",\"fund_bill_list\":\"[{\\\"amount\\\":\\\"1.00\\\",\\\"fundChannel\\\":\\\"ALIPAYACCOUNT\\\"}]\",\"notify_type\":\"trade_status_sync\",\"out_trade_no\":\"2018011821003566639585-66\",\"total_amount\":\"1.00\",\"trade_status\":\"TRADE_SUCCESS\",\"trade_no\":\"2018011821001004790581214735\",\"auth_app_id\":\"2017030706087117\",\"receipt_amount\":\"1.00\",\"point_amount\":\"0.00\",\"app_id\":\"2017030706087117\",\"buyer_pay_amount\":\"1.00\",\"sign_type\":\"RSA2\",\"seller_id\":\"2088421832020664\"}', '2', '299.00', '1.00', '1', '0');
INSERT INTO `hi_user_order_merge` VALUES ('7', '2018012115452426687556', '26', '2018012121001004460598273840', '580.00', '2', '', '2', '1', '0', '1516520771', '1516520724', '{\"gmt_create\":\"2018-01-21 15:45:41\",\"charset\":\"UTF-8\",\"gmt_payment\":\"2018-01-21 15:46:10\",\"notify_time\":\"2018-01-21 15:46:11\",\"subject\":\"\\u8d2d\\u4e70\\u8bfe\\u7a0b\",\"sign\":\"TwoMeKlSy7LP4zPbKflu5czvsalRSUkSd1XlbgzZIeL1Mkt\\/pZHk4kDe0E9NOIIBjHmc0dwVQjDmvaMN2BlcIm1Ru1LV72iVs2c9oSMS32UQ3MUOvcIA9zicqDx7pVVewdKCa\\/nrfIQl0grHlj0P+9c08Y6\\/rZRKwH\\/WvnaAuxni4v76K5F0HipyUydNpquykfzCeWoZchns2Ub12SaOJ7NPxfVu3cglkjmyNUXGANuPkvTVaS75YplVh6hYDtt\\/hK5AvjtmNhqBc3ZXHBO3sugMSainPyynZtRjcsPsk2VTXLEFS\\/4d7+QWS3c9fSHa25IAkfCu6W7xaiTv4x0pRQ==\",\"buyer_id\":\"2088002639682462\",\"body\":\"<<Pete at the Beach & I Am Snow (\\u7cbe\\u8bfb)\\uff1b\\nI Love My Whie Shoes & I Am Water (\\u6cdb\\u8bfb\\uff09>>\",\"invoice_amount\":\"580.00\",\"version\":\"1.0\",\"notify_id\":\"a7eacaa971d86e716c2e1b895c37534jjx\",\"fund_bill_list\":\"[{\\\"amount\\\":\\\"580.00\\\",\\\"fundChannel\\\":\\\"ALIPAYACCOUNT\\\"}]\",\"notify_type\":\"trade_status_sync\",\"out_trade_no\":\"2018012115452426687556-26\",\"total_amount\":\"580.00\",\"trade_status\":\"TRADE_SUCCESS\",\"trade_no\":\"2018012121001004460598273840\",\"auth_app_id\":\"2017030706087117\",\"receipt_amount\":\"580.00\",\"point_amount\":\"0.00\",\"app_id\":\"2017030706087117\",\"buyer_pay_amount\":\"580.00\",\"sign_type\":\"RSA2\",\"seller_id\":\"2088421832020664\"}', '6', '1068.00', '580.00', '1', '0');
INSERT INTO `hi_user_order_merge` VALUES ('8', '2018012310255546098447', '46', '2018012321001004670205545721', '580.00', '4', '', '2', '1', '0', '1516674401', '1516674355', '{\"gmt_create\":\"2018-01-23 10:26:16\",\"charset\":\"UTF-8\",\"gmt_payment\":\"2018-01-23 10:26:40\",\"notify_time\":\"2018-01-23 10:26:40\",\"subject\":\"\\u8d2d\\u4e70\\u8bfe\\u7a0b\",\"sign\":\"b9zKwMbX3sTMsxjgXNiyFWiejh53k\\/APL+fYbcnoNdjg7zljw4Tomqpum3j8K\\/aqbLHRwXASrW+S9P6tvA+pA++UxutTdhG3nz7Rx3W\\/KVRlCfVsdlgHA9WOzc\\/0U8YfRSO+r1wRSGyUDVotW7lWWmoojPelEQCWzt49J1d8NMdNAv179ppw5D4HdEcVR+nDCiILysx8Q675XR+asCOfvoeuKEFNhZGX4kg5BzSHcCicuzm9K0GnVU3nCTMVdlplhkGiPIMb9eyta+caC4Vf65oRL6Xe4JBw4YLZedNjyZuLqaYTohRW3B9nXgBsMPHU8oXnA3f60W1fxM0hq3Et\\/w==\",\"buyer_id\":\"2088812089695673\",\"body\":\"<<Pete at the Beach & I Am Snow (\\u7cbe\\u8bfb)\\uff1b\\nI Love My Whie Shoes & I Am Water (\\u6cdb\\u8bfb\\uff09>>\",\"invoice_amount\":\"580.00\",\"version\":\"1.0\",\"notify_id\":\"ddd2130f3948cc89c9cfc913368c70el66\",\"fund_bill_list\":\"[{\\\"amount\\\":\\\"580.00\\\",\\\"fundChannel\\\":\\\"ALIPAYACCOUNT\\\"}]\",\"notify_type\":\"trade_status_sync\",\"out_trade_no\":\"2018012310255546098447-46\",\"total_amount\":\"580.00\",\"trade_status\":\"TRADE_SUCCESS\",\"trade_no\":\"2018012321001004670205545721\",\"auth_app_id\":\"2017120100303215\",\"receipt_amount\":\"580.00\",\"point_amount\":\"0.00\",\"app_id\":\"2017120100303215\",\"buyer_pay_amount\":\"580.00\",\"sign_type\":\"RSA2\",\"seller_id\":\"2088821925101766\"}', '6', '1068.00', '580.00', '1', '0');
INSERT INTO `hi_user_order_merge` VALUES ('9', '2018012322062776986347', '76', '2018012321001004020593020481', '580.00', '6', '', '2', '1', '0', '1516716410', '1516716387', '{\"gmt_create\":\"2018-01-23 22:06:42\",\"charset\":\"UTF-8\",\"gmt_payment\":\"2018-01-23 22:06:50\",\"notify_time\":\"2018-01-23 22:06:50\",\"subject\":\"\\u8d2d\\u4e70\\u8bfe\\u7a0b\",\"sign\":\"jZl8fDWUu4yHJiSxjpCu3cR1mi3Be1eipf9CWx887zsubSZjXCtKhMih5egRNFTg7\\/Ms8ECYvVUUjFQXMLdHhmHKAnAbVuEeufRE3XyPayeov2Ws5+Yom+vnaMca4J6s2ruefVy9R4Xk2IyL61BsV3+a5ayZ7pK0VZGS9pf2Jy8S\\/LvhABGqaPXEbfKNc33kCGrGiGSjxnpl5siIu2CcvNYP42jVB9YJisxzzPP3D+H0\\/Ti2J15tai7UBJiv\\/gN6GG2tNX9c\\/h8u88Bt7UkvVK4YDRWoD50+O8q0k1nS\\/gPga\\/6NyZH7LF3A1LSKOzSBULiCjgXf8CvMC4XJczlb6g==\",\"buyer_id\":\"2088002002893022\",\"body\":\"<<Pete at the Beach & I Am Snow (\\u7cbe\\u8bfb)\\uff1b\\nI Love My Whie Shoes & I Am Water (\\u6cdb\\u8bfb\\uff09>>\",\"invoice_amount\":\"580.00\",\"version\":\"1.0\",\"notify_id\":\"824870f815e7bf2716ad228d32ab54ag5p\",\"fund_bill_list\":\"[{\\\"amount\\\":\\\"580.00\\\",\\\"fundChannel\\\":\\\"ALIPAYACCOUNT\\\"}]\",\"notify_type\":\"trade_status_sync\",\"out_trade_no\":\"2018012322062776986347-76\",\"total_amount\":\"580.00\",\"trade_status\":\"TRADE_SUCCESS\",\"trade_no\":\"2018012321001004020593020481\",\"auth_app_id\":\"2017120100303215\",\"receipt_amount\":\"580.00\",\"point_amount\":\"0.00\",\"app_id\":\"2017120100303215\",\"buyer_pay_amount\":\"580.00\",\"sign_type\":\"RSA2\",\"seller_id\":\"2088821925101766\"}', '6', '1068.00', '580.00', '1', '0');
INSERT INTO `hi_user_order_merge` VALUES ('1', '2017123116442917339441', '17', '2017123121001004830210631202', '9.90', '1', '', '2', '1', '0', '1514710021', '1514709869', '{\"gmt_create\":\"2017-12-31 16:46:22\",\"charset\":\"UTF-8\",\"gmt_payment\":\"2017-12-31 16:47:01\",\"notify_time\":\"2017-12-31 16:47:01\",\"subject\":\"\\u8d2d\\u4e70\\u8bfe\\u7a0b\",\"sign\":\"pR0JVpS4eJlR5HX1gOpIHXU1MdqNdKPVysBK2JuTJwmqDsDOU6H7aSxPTLIkfaUn8g2V5qIrgOnyxu5TsOx5tTyyj3hKJ9gv5l0L+xVr3Cpp9h5UjX3fnguBCcATo\\/XS\\/D7PyAt+rzaTbpNEiRUycDZNxW4L6l4fqv4NSeWah6N+1pogLXqNoWCEp4RsCir6jKYBVmJI7XbiU+paKzDMe\\/Mm7Rjuhs+oqGFOgWgxRGRE5MnBJlJDhDy+57JJiRZWp5EdoBKCZ1cet9jzHHqpazDJwKD\\/0wklV+T0x\\/f2UfO\\/r7WF8Ku2qNHm9mlPRRjkXg7fCEUpXmT7Nmn2vHJmRg==\",\"buyer_id\":\"2088702260859832\",\"body\":\"<<Little Critter: Going to the Firehouse (My First I Can Read)>>\",\"invoice_amount\":\"9.90\",\"version\":\"1.0\",\"notify_id\":\"f9cecf48523a11a06fd2fdfa4d45444mem\",\"fund_bill_list\":\"[{\\\"amount\\\":\\\"9.90\\\",\\\"fundChannel\\\":\\\"ALIPAYACCOUNT\\\"}]\",\"notify_type\":\"trade_status_sync\",\"out_trade_no\":\"2017123116442917339441-17\",\"total_amount\":\"9.90\",\"trade_status\":\"TRADE_SUCCESS\",\"trade_no\":\"2017123121001004830210631202\",\"auth_app_id\":\"2017030706087117\",\"receipt_amount\":\"9.90\",\"point_amount\":\"0.00\",\"app_id\":\"2017030706087117\",\"buyer_pay_amount\":\"9.90\",\"sign_type\":\"RSA2\",\"seller_id\":\"2088421832020664\"}', '2', '299.00', '10.00', '1', '0');
INSERT INTO `hi_user_order_merge` VALUES ('2', '2018010116400127110873', '27', '4200000025201801015979380020', '9.90', '2', '', '1', '1', '0', '1514796020', '1514796001', '{\"appid\":\"wxff2188b4cc51f6e2\",\"attach\":\"2018010116400127110873-27\",\"bank_type\":\"ICBC_CREDIT\",\"cash_fee\":\"990\",\"fee_type\":\"CNY\",\"is_subscribe\":\"N\",\"mch_id\":\"1387384102\",\"nonce_str\":\"xllmzffc566z3sq75uxi2r3lhgi4mw99\",\"openid\":\"oTFnHwMGnBXhcU6VWIdK8iNQrkO8\",\"out_trade_no\":\"2018010116400127110873\",\"result_code\":\"SUCCESS\",\"return_code\":\"SUCCESS\",\"sign\":\"2EDEA3474AF0EEA66D370DE53ECCD1BE\",\"time_end\":\"20180101164020\",\"total_fee\":\"990\",\"trade_type\":\"NATIVE\",\"transaction_id\":\"4200000025201801015979380020\"}', '2', '299.00', '9.90', '1', '0');
INSERT INTO `hi_user_order_merge` VALUES ('3', '2018010416374437442308', '37', '4200000023201801047945570274', '9.90', '3', '', '1', '1', '0', '1515055082', '1515055064', '{\"appid\":\"wxff2188b4cc51f6e2\",\"attach\":\"2018010416374437442308-37\",\"bank_type\":\"CFT\",\"cash_fee\":\"990\",\"fee_type\":\"CNY\",\"is_subscribe\":\"N\",\"mch_id\":\"1387384102\",\"nonce_str\":\"lthmkcmydte3onphjblipfrkw3up1xci\",\"openid\":\"oTFnHwKmLVygkJrJ2zrnMZyHiKL0\",\"out_trade_no\":\"2018010416374437442308\",\"result_code\":\"SUCCESS\",\"return_code\":\"SUCCESS\",\"sign\":\"2D4968A3A34B1D53A79313125FFA15A4\",\"time_end\":\"20180104163802\",\"total_fee\":\"990\",\"trade_type\":\"NATIVE\",\"transaction_id\":\"4200000023201801047945570274\"}', '2', '299.00', '9.90', '1', '0');
INSERT INTO `hi_user_order_merge` VALUES ('4', '2018011116061657676499', '57', '4200000059201801112166634329', '9.90', '4', '', '1', '1', '0', '1515657995', '1515657976', '{\"appid\":\"wxff2188b4cc51f6e2\",\"attach\":\"2018011116061657676499-57\",\"bank_type\":\"CFT\",\"cash_fee\":\"990\",\"fee_type\":\"CNY\",\"is_subscribe\":\"N\",\"mch_id\":\"1387384102\",\"nonce_str\":\"wk5mmod3xgmy473qb5ue4v59ulki3hz1\",\"openid\":\"oTFnHwOES4am9OGkQPxgO3YhZWr4\",\"out_trade_no\":\"2018011116061657676499\",\"result_code\":\"SUCCESS\",\"return_code\":\"SUCCESS\",\"sign\":\"C095FEB5266A4E971B2EB298049B8E3D\",\"time_end\":\"20180111160634\",\"total_fee\":\"990\",\"trade_type\":\"NATIVE\",\"transaction_id\":\"4200000059201801112166634329\"}', '2', '299.00', '9.90', '1', '0');
INSERT INTO `hi_user_order_merge` VALUES ('5', '2018011213381117095408', '17', '2018011221001004830253615691', '69.00', '1', '', '2', '1', '0', '1515735514', '1515735491', '{\"gmt_create\":\"2018-01-12 13:38:30\",\"charset\":\"UTF-8\",\"gmt_payment\":\"2018-01-12 13:38:33\",\"notify_time\":\"2018-01-12 13:38:34\",\"subject\":\"\\u8d2d\\u4e70\\u8bfe\\u7a0b\",\"sign\":\"D2sR7ayCwULaj2N1MGb3R6quabnfuQt9KVgc\\/\\/HNgfflLR6fLt0DRbaLirT7Fr+OhZWj196fsQyDE4GjmE\\/0MehknolvopYdx1JD6Dzzr\\/eaobCkNTa8OJmEZj924LIPPDCLblH0cUNsSxM6GO9w3J\\/P0x6m5tVLUfydJlyXOV7XUdnZjgoeZVCRXEd5jOt16aljktKWO2Wg04m7xX6UooPovGrSwSHU5EP+yT6OGoy5Oq2WHGE\\/43MA4QhGKWZf1FZCtPrpukRULGE6OQAHMe77CKaeL6lFuUbmgVzmQ3L5Df3hkiHA\\/hKfnzcUqxsb0OuIpjNAxyp5CEOFsnPWfA==\",\"buyer_id\":\"2088702260859832\",\"body\":\"<<\\u5916\\u6559\\u76f4\\u64ad\\u8bfe\\u7a0b>>\",\"invoice_amount\":\"69.00\",\"version\":\"1.0\",\"notify_id\":\"5f88bbe8e00171d325d7f56c4037e4bmem\",\"fund_bill_list\":\"[{\\\"amount\\\":\\\"69.00\\\",\\\"fundChannel\\\":\\\"ALIPAYACCOUNT\\\"}]\",\"notify_type\":\"trade_status_sync\",\"out_trade_no\":\"2018011213381117095408-17\",\"total_amount\":\"69.00\",\"trade_status\":\"TRADE_SUCCESS\",\"trade_no\":\"2018011221001004830253615691\",\"auth_app_id\":\"2017030706087117\",\"receipt_amount\":\"69.00\",\"point_amount\":\"0.00\",\"app_id\":\"2017030706087117\",\"buyer_pay_amount\":\"69.00\",\"sign_type\":\"RSA2\",\"seller_id\":\"2088421832020664\"}', '9999', '129.00', '69.00', '1', '0');
INSERT INTO `hi_user_order_merge` VALUES ('6', '2018011314001927211571', '27', '4200000071201801133171486734', '69.00', '2', '', '1', '1', '0', '1515823239', '1515823219', '{\"appid\":\"wxff2188b4cc51f6e2\",\"attach\":\"2018011314001927211571-27\",\"bank_type\":\"ICBC_CREDIT\",\"cash_fee\":\"6900\",\"fee_type\":\"CNY\",\"is_subscribe\":\"Y\",\"mch_id\":\"1387384102\",\"nonce_str\":\"njui9q11ouf2hg9ne1zcphzt3hi1lg98\",\"openid\":\"oTFnHwMGnBXhcU6VWIdK8iNQrkO8\",\"out_trade_no\":\"2018011314001927211571\",\"result_code\":\"SUCCESS\",\"return_code\":\"SUCCESS\",\"sign\":\"98927E196CD7C3DC93208E28403395C5\",\"time_end\":\"20180113140038\",\"total_fee\":\"6900\",\"trade_type\":\"NATIVE\",\"transaction_id\":\"4200000071201801133171486734\"}', '9999', '129.00', '69.00', '1', '0');
INSERT INTO `hi_user_order_merge` VALUES ('7', '2018011920293967749791', '67', '2018011921001004770580183082', '580.00', '5', '', '2', '1', '0', '1516365058', '1516364979', '{\"gmt_create\":\"2018-01-19 20:30:30\",\"charset\":\"UTF-8\",\"gmt_payment\":\"2018-01-19 20:30:57\",\"notify_time\":\"2018-01-19 20:30:58\",\"subject\":\"\\u8d2d\\u4e70\\u8bfe\\u7a0b\",\"sign\":\"ovn9CvVlK7xvYg\\/bamVNTGa2PSNlolYXMXkM1MLqUPuR6Lfbz1qeEbydfI2XVeyw0WQqsnVdD9IX1VIuVkeI5C72st47Wn6qzlQikPriZApv9n9P3ZjRzV9zteIFbyAxX3BkX3MLEk2Jq28n9f3A9Dzj8nVZ527as1cAHnVcZ2amI5gg7jQ\\/WorS+RHeic34hnSdlGM85idB\\/UUiIiBaTbvVP+HinPKcOEtSuljnzmbS99MEayxgzgRRTZrgFcpzdjUrjXvWUJ0BvOiubPX1BLs\\/jYuAH9brPO+4bQuCTmrnOJW4cvbhFy4kT7S0x1qEAUKqzsh9ZNcY7Ip2e1IyPQ==\",\"buyer_id\":\"2088002224410771\",\"body\":\"<<Pete at the Beach & I Am Snow (\\u7cbe\\u8bfb)\\uff1b\\nI Love My Whie Shoes & I Am Water (\\u6cdb\\u8bfb\\uff09>>\",\"invoice_amount\":\"580.00\",\"version\":\"1.0\",\"notify_id\":\"7e80d9b308feae5b369ef98f04c24ably1\",\"fund_bill_list\":\"[{\\\"amount\\\":\\\"580.00\\\",\\\"fundChannel\\\":\\\"ALIPAYACCOUNT\\\"}]\",\"notify_type\":\"trade_status_sync\",\"out_trade_no\":\"2018011920293967749791-67\",\"total_amount\":\"580.00\",\"trade_status\":\"TRADE_SUCCESS\",\"trade_no\":\"2018011921001004770580183082\",\"auth_app_id\":\"2017030706087117\",\"receipt_amount\":\"580.00\",\"point_amount\":\"0.00\",\"app_id\":\"2017030706087117\",\"buyer_pay_amount\":\"580.00\",\"sign_type\":\"RSA2\",\"seller_id\":\"2088421832020664\"}', '6', '1068.00', '580.00', '1', '0');
INSERT INTO `hi_user_order_merge` VALUES ('8', '2018012120132627695232', '27', '4200000066201801218331109943', '580.00', '2', '', '1', '1', '0', '1516536824', '1516536806', '{\"appid\":\"wx25b37cb6f68317b0\",\"attach\":\"2018012120132627695232-27\",\"bank_type\":\"ICBC_CREDIT\",\"cash_fee\":\"58000\",\"fee_type\":\"CNY\",\"is_subscribe\":\"Y\",\"mch_id\":\"1493811232\",\"nonce_str\":\"dlgvg9stl7ev6jebbcamk9si9nudncnq\",\"openid\":\"o-0VU08GDLcm_GwDXRXWGpfqeBl0\",\"out_trade_no\":\"2018012120132627695232\",\"result_code\":\"SUCCESS\",\"return_code\":\"SUCCESS\",\"sign\":\"C80BFF9934FEC3474CFC09B0432D2734\",\"time_end\":\"20180121201343\",\"total_fee\":\"58000\",\"trade_type\":\"NATIVE\",\"transaction_id\":\"4200000066201801218331109943\"}', '6', '1068.00', '580.00', '1', '0');
INSERT INTO `hi_user_order_merge` VALUES ('9', '2018012323371177939305', '77', '4200000074201801239651105487', '580.00', '6', '', '1', '1', '0', '1516721851', '1516721831', '{\"appid\":\"wx25b37cb6f68317b0\",\"attach\":\"2018012323371177939305-77\",\"bank_type\":\"PAB_CREDIT\",\"cash_fee\":\"58000\",\"fee_type\":\"CNY\",\"is_subscribe\":\"Y\",\"mch_id\":\"1493811232\",\"nonce_str\":\"n9n37sp3ik1reydjhrwjnmmbqkuapzr5\",\"openid\":\"o-0VU014PqPHfeED288LsAXBDu34\",\"out_trade_no\":\"2018012323371177939305\",\"result_code\":\"SUCCESS\",\"return_code\":\"SUCCESS\",\"sign\":\"C59B8697E3BBF4EBD732ED95B5EBC730\",\"time_end\":\"20180123233730\",\"total_fee\":\"58000\",\"trade_type\":\"NATIVE\",\"transaction_id\":\"4200000074201801239651105487\"}', '6', '1068.00', '580.00', '1', '0');
INSERT INTO `hi_user_order_merge` VALUES ('10', '2018021313170287142125', '87', '2018021321001004290549881063', '1.00', '7', '', '2', '1', '0', '1518499103', '1518499022', '{\"gmt_create\":\"2018-02-13 13:18:17\",\"charset\":\"UTF-8\",\"gmt_payment\":\"2018-02-13 13:18:22\",\"notify_time\":\"2018-02-13 13:18:22\",\"subject\":\"\\u8d2d\\u4e70\\u8bfe\\u7a0b\",\"sign\":\"HpCpm6F5skv2dLhd7qMaHLLhe14RAtKbzMVMzqNZGO1DMK0ygu4v7JBufoqFdS0CXpJOnApcmVZiflew1SBOIc9FpfLR8GrRibz9R0bkDC2ZjuhUVfWLqbe6Queiuj8WS50Jt\\/TxZNh0HlzX6wKGMtthkAkP4W8fHezriQ7rIe6YyKifLu8EYGuVaoi3hbBjZYsBJM4xvWMggUxR+pGVCOmHlVwct\\/Q1jdixDcFQpHdCMTyGkRmJXLvslYH4oA4ff7UOoEH9QxZYaAH6Rw0JYiz1ME3crjncXA2vkKR9tEV9fW86zQ0ubYu1mzxUYlbY9QXX\\/7XUz4QuOmgHUb+2MA==\",\"buyer_id\":\"2088112896422298\",\"body\":\"<<Little Critter: Going to the Firehouse (My First I Can Read)>>\",\"invoice_amount\":\"1.00\",\"version\":\"1.0\",\"notify_id\":\"f37380798a3ff126156b65911e82113i8p\",\"fund_bill_list\":\"[{\\\"amount\\\":\\\"1.00\\\",\\\"fundChannel\\\":\\\"ALIPAYACCOUNT\\\"}]\",\"notify_type\":\"trade_status_sync\",\"out_trade_no\":\"2018021313170287142125-87\",\"total_amount\":\"1.00\",\"trade_status\":\"TRADE_SUCCESS\",\"trade_no\":\"2018021321001004290549881063\",\"auth_app_id\":\"2017120100303215\",\"receipt_amount\":\"1.00\",\"point_amount\":\"0.00\",\"app_id\":\"2017120100303215\",\"buyer_pay_amount\":\"1.00\",\"sign_type\":\"RSA2\",\"seller_id\":\"2088821925101766\"}', '2', '299.00', '1.00', '1', '0');
INSERT INTO `hi_user_order_merge` VALUES ('11', '2018021313224087162374', '87', '2018021321001004290549821509', '9.90', '7', '', '2', '1', '0', '1518499379', '1518499360', '{\"gmt_create\":\"2018-02-13 13:22:53\",\"charset\":\"UTF-8\",\"gmt_payment\":\"2018-02-13 13:22:58\",\"notify_time\":\"2018-02-13 13:22:58\",\"subject\":\"\\u8d2d\\u4e70\\u8bfe\\u7a0b\",\"sign\":\"k5VXjeTnX7g64WWzEUSypw7e6SAOKnqKnlaoZdv1iJ2VoI33UtiRNieS3OUla07fejfShdnQqDl5P4OjdNt+IcW8YVQKZYDOzwaF5JMas85XtihkgM9DTvmg17enH3hd51EakezRHRZObgQcEldwGDY4UPV8U1zTOwoCR3e4MLcvfWVXa+P5RpIKNw6+BZdsF+dey3yv7V0y7xYZ2mVkuakGeEbI5V3NmWb1v8mRVnUMUo0aeRnx98oHmxCAWkCsfQzpLCpfMIhE88vWch1rrhX3rOoNrh7iAK3YU+mLuuD8wagmo3B9x\\/zvP4UGyDocm2Lx35XIDLp4I7EeRWPIww==\",\"buyer_id\":\"2088112896422298\",\"body\":\"<<Little Critter: Going to the Firehouse (My First I Can Read)>>\",\"invoice_amount\":\"9.90\",\"version\":\"1.0\",\"notify_id\":\"57dfa55c3d7624e5368623e294b2459i8p\",\"fund_bill_list\":\"[{\\\"amount\\\":\\\"9.90\\\",\\\"fundChannel\\\":\\\"ALIPAYACCOUNT\\\"}]\",\"notify_type\":\"trade_status_sync\",\"out_trade_no\":\"2018021313224087162374-87\",\"total_amount\":\"9.90\",\"trade_status\":\"TRADE_SUCCESS\",\"trade_no\":\"2018021321001004290549821509\",\"auth_app_id\":\"2017120100303215\",\"receipt_amount\":\"9.90\",\"point_amount\":\"0.00\",\"app_id\":\"2017120100303215\",\"buyer_pay_amount\":\"9.90\",\"sign_type\":\"RSA2\",\"seller_id\":\"2088821925101766\"}', '2', '299.00', '9.90', '1', '0');
INSERT INTO `hi_user_order_merge` VALUES ('1', '2017123116014518001671', '18', '', '10.00', '1', '', '2', '0', '0', '0', '1514707305', null, '2', '299.00', '10.00', '1', '0');
INSERT INTO `hi_user_order_merge` VALUES ('2', '2017123116375918412021', '18', '4200000005201712315250432196', '9.90', '1', '', '1', '1', '0', '1514709500', '1514709479', '{\"appid\":\"wxff2188b4cc51f6e2\",\"attach\":\"2017123116375918412021-18\",\"bank_type\":\"ICBC_DEBIT\",\"cash_fee\":\"990\",\"fee_type\":\"CNY\",\"is_subscribe\":\"Y\",\"mch_id\":\"1387384102\",\"nonce_str\":\"nafeujxums483x2m8pxgnejpz9strxu6\",\"openid\":\"oTFnHwCnXku38pd931F3BsgXkHNk\",\"out_trade_no\":\"2017123116375918412021\",\"result_code\":\"SUCCESS\",\"return_code\":\"SUCCESS\",\"sign\":\"4CA4C85785E4A1A194AF6754407D2C21\",\"time_end\":\"20171231163820\",\"total_fee\":\"990\",\"trade_type\":\"NATIVE\",\"transaction_id\":\"4200000005201712315250432196\"}', '2', '299.00', '10.00', '1', '0');
INSERT INTO `hi_user_order_merge` VALUES ('3', '2018010118094728292147', '28', '2018010121001004000229411852', '9.90', '2', '', '2', '1', '0', '1514801429', '1514801387', '{\"gmt_create\":\"2018-01-01 18:10:15\",\"charset\":\"UTF-8\",\"gmt_payment\":\"2018-01-01 18:10:28\",\"notify_time\":\"2018-01-01 18:10:29\",\"subject\":\"\\u8d2d\\u4e70\\u8bfe\\u7a0b\",\"sign\":\"bZHVGaWZkhkemWm+Xg1QTGeu4K3c3CtJwCDYovQTEPixqtL\\/kjIoCXw3TxDr5ynxhIs16050wQKdtSALxaSWkWWPvSWNEHmH+JQiXq0vIzrlHhCxBY6WvtprVy50+hkJFet5eLks\\/qecizDX3Z9\\/WxZtSu7H3z\\/pDTfrHYaTvK8NR0oOVzdGBcKaCWKF02MuH8uE05hPVjyIC3sbF6njT\\/lpOl1xvswzxgFR0hk\\/XP7uWxQSHMoQXuTpYw+OiBWfCLnxqjXIgrSPgco1m5OvhkpulLntQl\\/mGw09+Fnmhbd2c7FC60ynWejWhpFGRwPnDnYxMg8UY05bstZTlf9+eg==\",\"buyer_id\":\"2088102714848007\",\"body\":\"<<Little Critter: Going to the Firehouse (My First I Can Read)>>\",\"invoice_amount\":\"9.90\",\"version\":\"1.0\",\"notify_id\":\"57d429e9663804dda3467fa78b4efefg02\",\"fund_bill_list\":\"[{\\\"amount\\\":\\\"9.90\\\",\\\"fundChannel\\\":\\\"ALIPAYACCOUNT\\\"}]\",\"notify_type\":\"trade_status_sync\",\"out_trade_no\":\"2018010118094728292147-28\",\"total_amount\":\"9.90\",\"trade_status\":\"TRADE_SUCCESS\",\"trade_no\":\"2018010121001004000229411852\",\"auth_app_id\":\"2017030706087117\",\"receipt_amount\":\"9.90\",\"point_amount\":\"0.00\",\"app_id\":\"2017030706087117\",\"buyer_pay_amount\":\"9.90\",\"sign_type\":\"RSA2\",\"seller_id\":\"2088421832020664\"}', '2', '299.00', '9.90', '1', '0');
INSERT INTO `hi_user_order_merge` VALUES ('4', '2018010412394148738491', '48', '4200000003201801047877878094', '9.90', '3', '', '1', '1', '0', '1515040833', '1515040781', '{\"appid\":\"wxff2188b4cc51f6e2\",\"attach\":\"2018010412394148738491-48\",\"bank_type\":\"CCB_DEBIT\",\"cash_fee\":\"990\",\"fee_type\":\"CNY\",\"is_subscribe\":\"N\",\"mch_id\":\"1387384102\",\"nonce_str\":\"h03sw4za84tw6qjs7n8fz5u6kipwq309\",\"openid\":\"oTFnHwPB3f-QOA_6FQdcISM7Z5zQ\",\"out_trade_no\":\"2018010412394148738491\",\"result_code\":\"SUCCESS\",\"return_code\":\"SUCCESS\",\"sign\":\"2F931BA1CD328E105AB66835D9C88AC9\",\"time_end\":\"20180104124032\",\"total_fee\":\"990\",\"trade_type\":\"NATIVE\",\"transaction_id\":\"4200000003201801047877878094\"}', '2', '299.00', '9.90', '1', '0');
INSERT INTO `hi_user_order_merge` VALUES ('5', '2018010721164938088625', '38', '2018010721001004320555652301', '9.90', '4', '', '2', '1', '0', '1515331033', '1515331009', '{\"gmt_create\":\"2018-01-07 21:17:07\",\"charset\":\"UTF-8\",\"gmt_payment\":\"2018-01-07 21:17:13\",\"notify_time\":\"2018-01-07 21:17:13\",\"subject\":\"\\u8d2d\\u4e70\\u8bfe\\u7a0b\",\"sign\":\"hSr00RXcjuZ00Of\\/H7ci+gVLThTtAdNzaX+p3QF\\/ZwupUkoSnlvN9+geosmpETGBB3\\/yerCW0zfojIVmdNnfE9SQktb6dqrs\\/PhlxWerqx7lKM65+Fahb6rOGqpTNVA1RnJjWRoGQDKblcFMncT7Bq7hp3kyFU03ZbVA\\/S3OoYDfTa6k3bM0HqbPXK5A7nz7k1++hTmmOcHZ784sY5k\\/KLVsjujwXZWUqWXykG7AeDiLC8n0j+myQJJCyABwC34KsCcFCoUlWbukh74q1vLM8Rf8Ne3LoHb8mpqguuRf89BMN\\/uyIm4XU6j49BneqTViW9l6gvJkIuBemy+mJVelkg==\",\"buyer_id\":\"2088002347923329\",\"body\":\"<<Little Critter: Going to the Firehouse (My First I Can Read)>>\",\"invoice_amount\":\"9.90\",\"version\":\"1.0\",\"notify_id\":\"289d9f4b97c9a82a13c7b0ff8d377afih1\",\"fund_bill_list\":\"[{\\\"amount\\\":\\\"9.90\\\",\\\"fundChannel\\\":\\\"ALIPAYACCOUNT\\\"}]\",\"notify_type\":\"trade_status_sync\",\"out_trade_no\":\"2018010721164938088625-38\",\"total_amount\":\"9.90\",\"trade_status\":\"TRADE_SUCCESS\",\"trade_no\":\"2018010721001004320555652301\",\"auth_app_id\":\"2017030706087117\",\"receipt_amount\":\"9.90\",\"point_amount\":\"0.00\",\"app_id\":\"2017030706087117\",\"buyer_pay_amount\":\"9.90\",\"sign_type\":\"RSA2\",\"seller_id\":\"2088421832020664\"}', '2', '299.00', '9.90', '1', '0');
INSERT INTO `hi_user_order_merge` VALUES ('6', '2018011114214058398974', '58', '4200000080201801112086813227', '9.90', '5', '', '1', '1', '0', '1515651718', '1515651700', '{\"appid\":\"wxff2188b4cc51f6e2\",\"attach\":\"2018011114214058398974-58\",\"bank_type\":\"CMB_DEBIT\",\"cash_fee\":\"990\",\"fee_type\":\"CNY\",\"is_subscribe\":\"N\",\"mch_id\":\"1387384102\",\"nonce_str\":\"1vli614h8knit3uq6cna5istc1kju5dg\",\"openid\":\"oTFnHwIKWRN5yOpWF0c5X9SW4YXE\",\"out_trade_no\":\"2018011114214058398974\",\"result_code\":\"SUCCESS\",\"return_code\":\"SUCCESS\",\"sign\":\"55C195F7CB6D9F9CB1D3ABF46A5F5DCA\",\"time_end\":\"20180111142158\",\"total_fee\":\"990\",\"trade_type\":\"NATIVE\",\"transaction_id\":\"4200000080201801112086813227\"}', '2', '299.00', '9.90', '1', '0');
INSERT INTO `hi_user_order_merge` VALUES ('7', '2018011213062818601907', '18', '4200000075201801122735338975', '0.01', '1', '', '1', '1', '0', '1515733604', '1515733588', '{\"appid\":\"wxff2188b4cc51f6e2\",\"attach\":\"2018011213062818601907-18\",\"bank_type\":\"CFT\",\"cash_fee\":\"1\",\"fee_type\":\"CNY\",\"is_subscribe\":\"Y\",\"mch_id\":\"1387384102\",\"nonce_str\":\"ah500xth8ch6llusy69y319nnn0jj4xe\",\"openid\":\"oTFnHwCnXku38pd931F3BsgXkHNk\",\"out_trade_no\":\"2018011213062818601907\",\"result_code\":\"SUCCESS\",\"return_code\":\"SUCCESS\",\"sign\":\"E1FD977741F1AA5019F0249726352E83\",\"time_end\":\"20180112130644\",\"total_fee\":\"1\",\"trade_type\":\"NATIVE\",\"transaction_id\":\"4200000075201801122735338975\"}', '9999', '129.00', '0.01', '1', '0');
INSERT INTO `hi_user_order_merge` VALUES ('8', '2018011800080118384789', '18', '', '580.00', '1', '', '1', '0', '0', '0', '1516205281', null, '6', '1068.00', '580.00', '1', '0');
INSERT INTO `hi_user_order_merge` VALUES ('9', '2018011810141118084059', '18', '2018011821001004270599311732', '0.01', '1', '', '2', '1', '0', '1516241665', '1516241651', '{\"gmt_create\":\"2018-01-18 10:14:20\",\"charset\":\"UTF-8\",\"gmt_payment\":\"2018-01-18 10:14:24\",\"notify_time\":\"2018-01-18 10:14:25\",\"subject\":\"\\u8d2d\\u4e70\\u8bfe\\u7a0b\",\"sign\":\"KKB\\/OAPdBxgCc+EfbYiO1+EB1IhbHaax0dZOTnl7sJuFp3eEyfJPSgiEs78cbp9JmiwUMQcyCEVsgxXBLOmcW4HHGbuPTQlJE0KC8GsansIC+0raL6ZoX7FnPHYnL8BQFbAwtrysWCMfnAPpND\\/TC08Iql0Qy0ieSWr6+kfp\\/lT7UJS3j5uLj7Z7qiWj0OUpvW32qL2Hn+mKO+EJveqf\\/mUujGbR6wGxXCOCYfvjr7tAJ\\/dkZFe1wla5zC6sGEMbCDx5tkfJH74Gq6huL3RL2BMIGNTBCmara8dKZhDyGoSWNdyJ5IhHXxm5lhk9miaJsjEoRT3W8fBNoSF6CVuohA==\",\"buyer_id\":\"2088802003912274\",\"body\":\"<<Pete at the Beach & I Am Snow (\\u7cbe\\u8bfb)\\uff1b\\nI Love My Whie Shoes & I Am Water (\\u6cdb\\u8bfb\\uff09>>\",\"invoice_amount\":\"0.01\",\"version\":\"1.0\",\"notify_id\":\"2dec2e8768bc12b9208fd4320d59f7ai35\",\"fund_bill_list\":\"[{\\\"amount\\\":\\\"0.01\\\",\\\"fundChannel\\\":\\\"ALIPAYACCOUNT\\\"}]\",\"notify_type\":\"trade_status_sync\",\"out_trade_no\":\"2018011810141118084059-18\",\"total_amount\":\"0.01\",\"trade_status\":\"TRADE_SUCCESS\",\"trade_no\":\"2018011821001004270599311732\",\"auth_app_id\":\"2017030706087117\",\"receipt_amount\":\"0.01\",\"point_amount\":\"0.00\",\"app_id\":\"2017030706087117\",\"buyer_pay_amount\":\"0.01\",\"sign_type\":\"RSA2\",\"seller_id\":\"2088421832020664\"}', '6', '1068.00', '0.01', '1', '0');
INSERT INTO `hi_user_order_merge` VALUES ('10', '2018012018423448811938', '48', '4200000054201801207724528491', '580.00', '3', '', '1', '1', '0', '1516444977', '1516444954', '{\"appid\":\"wx25b37cb6f68317b0\",\"attach\":\"2018012018423448811938-48\",\"bank_type\":\"CCB_DEBIT\",\"cash_fee\":\"58000\",\"fee_type\":\"CNY\",\"is_subscribe\":\"N\",\"mch_id\":\"1493811232\",\"nonce_str\":\"ud6od9l1338mn0terceggajhtdn5xunu\",\"openid\":\"o-0VU0zxlQ9dFUrXCpvKVNXqF6Wc\",\"out_trade_no\":\"2018012018423448811938\",\"result_code\":\"SUCCESS\",\"return_code\":\"SUCCESS\",\"sign\":\"4EC1DECF96FB1B5286F06CD3E5A53988\",\"time_end\":\"20180120184257\",\"total_fee\":\"58000\",\"trade_type\":\"NATIVE\",\"transaction_id\":\"4200000054201801207724528491\"}', '6', '1068.00', '580.00', '1', '0');
INSERT INTO `hi_user_order_merge` VALUES ('11', '2018012120440028467501', '28', '2018012121001004000201255568', '580.00', '2', '', '2', '1', '0', '1516538701', '1516538640', '{\"gmt_create\":\"2018-01-21 20:44:38\",\"charset\":\"UTF-8\",\"gmt_payment\":\"2018-01-21 20:45:01\",\"notify_time\":\"2018-01-21 20:45:01\",\"subject\":\"\\u8d2d\\u4e70\\u8bfe\\u7a0b\",\"sign\":\"SrrNsw8tJg9xuUMHPdmpJR0gYv83xRiEKf0I15Y7N87fZTAen3DAq7FCTBuwMn7n1slTnMzMTnUSrJ3CKTPj\\/op5YkfXaKLVsBVx4QYBvprvGW\\/GFK8\\/nYI9Pk\\/Cc80WRuUtYVB1NnJPW25+zYTinYJ+OurCoYNeMYGzLhrXXZW27tD7x9YHY7\\/7VI24CfWgbHVMr5NnZP8r9aTQEamfYRqQLSIlclHcSTwH5J4TgB0SCtBOrGr0VnIAjrBGk468WFRACBN7Hp4V+U9Vb28+GQi\\/oZSQ4Oe75N+4K7QVVUQ7DfdrbdVyh711eccopOXS\\/wwQg83f6osFJ4GmNy9fVA==\",\"buyer_id\":\"2088102714848007\",\"body\":\"<<Pete at the Beach & I Am Snow (\\u7cbe\\u8bfb)\\uff1b\\nI Love My Whie Shoes & I Am Water (\\u6cdb\\u8bfb\\uff09>>\",\"invoice_amount\":\"580.00\",\"version\":\"1.0\",\"notify_id\":\"ce75ae6d60c7f222e8ec581974aa3e1g02\",\"fund_bill_list\":\"[{\\\"amount\\\":\\\"580.00\\\",\\\"fundChannel\\\":\\\"ALIPAYACCOUNT\\\"}]\",\"notify_type\":\"trade_status_sync\",\"out_trade_no\":\"2018012120440028467501-28\",\"total_amount\":\"580.00\",\"trade_status\":\"TRADE_SUCCESS\",\"trade_no\":\"2018012121001004000201255568\",\"auth_app_id\":\"2017030706087117\",\"receipt_amount\":\"580.00\",\"point_amount\":\"0.00\",\"app_id\":\"2017030706087117\",\"buyer_pay_amount\":\"580.00\",\"sign_type\":\"RSA2\",\"seller_id\":\"2088421832020664\"}', '6', '1068.00', '580.00', '1', '0');
INSERT INTO `hi_user_order_merge` VALUES ('12', '2018012409464578088765', '78', '2018012421001004210245212546', '580.00', '6', '', '2', '1', '0', '1516758808', '1516758405', '{\"gmt_create\":\"2018-01-24 09:52:59\",\"charset\":\"UTF-8\",\"gmt_payment\":\"2018-01-24 09:53:28\",\"notify_time\":\"2018-01-24 09:53:28\",\"subject\":\"\\u8d2d\\u4e70\\u8bfe\\u7a0b\",\"sign\":\"LQDsYRb4wOE0ZxBxhf1Z52s++v7ZYeuoEix77cUcovggE0scpjBdmHpxuT17xTGQBZzdAeAFJZJwUZhhrF0BpGW2OHXMxSa1HPefQcr4hoCGIyfu40V5ZKQYpQerCrfgCGBwJqIOGTKAdhPCLvsPOh9mzPe3oCVRdKwnTKausoDiDGI1xV0KhCY50zhY162IvDeYOYBEf2J4ErvknvjOLtnfvh9e8vc3mIqDkAx6FBg9dfAb2wNZNHPOdSwjeN2gn09dlqOvUigBZtQcoz56kTYlVg8jRhu5381A6AG541chw3GIJ64hkggjaA21\\/OpoX1bY3svPJcxl5DEY2UECbQ==\",\"buyer_id\":\"2088002055559210\",\"body\":\"<<Pete at the Beach & I Am Snow (\\u7cbe\\u8bfb)\\uff1b\\nI Love My Whie Shoes & I Am Water (\\u6cdb\\u8bfb\\uff09>>\",\"invoice_amount\":\"580.00\",\"version\":\"1.0\",\"notify_id\":\"d589f1fe6a3345ed1d75541b60b3e93hme\",\"fund_bill_list\":\"[{\\\"amount\\\":\\\"580.00\\\",\\\"fundChannel\\\":\\\"ALIPAYACCOUNT\\\"}]\",\"notify_type\":\"trade_status_sync\",\"out_trade_no\":\"2018012409464578088765-78\",\"total_amount\":\"580.00\",\"trade_status\":\"TRADE_SUCCESS\",\"trade_no\":\"2018012421001004210245212546\",\"auth_app_id\":\"2017120100303215\",\"receipt_amount\":\"580.00\",\"point_amount\":\"0.00\",\"app_id\":\"2017120100303215\",\"buyer_pay_amount\":\"580.00\",\"sign_type\":\"RSA2\",\"seller_id\":\"2088821925101766\"}', '6', '1068.00', '580.00', '1', '0');
INSERT INTO `hi_user_order_merge` VALUES ('13', '2018012611473638077207', '38', '', '580.00', '4', '', '1', '0', '0', '0', '1516938456', null, '6', '1068.00', '580.00', '1', '0');
INSERT INTO `hi_user_order_merge` VALUES ('14', '2018012611510738467041', '38', '', '580.00', '4', '', '1', '0', '0', '0', '1516938667', null, '6', '1068.00', '580.00', '1', '0');
INSERT INTO `hi_user_order_merge` VALUES ('15', '2018021316354068653158', '68', '4200000054201802132176372108', '1.00', '7', '', '1', '1', '0', '1518510947', '1518510940', '{\"appid\":\"wx25b37cb6f68317b0\",\"attach\":\"2018021316354068653158-68\",\"bank_type\":\"CFT\",\"cash_fee\":\"100\",\"fee_type\":\"CNY\",\"is_subscribe\":\"N\",\"mch_id\":\"1493811232\",\"nonce_str\":\"q6qisjnkk1fmk2lbxzpcwsmsnk5bdb9s\",\"openid\":\"o-0VU08krWpUgBy_jARfIc_67sVA\",\"out_trade_no\":\"2018021316354068653158\",\"result_code\":\"SUCCESS\",\"return_code\":\"SUCCESS\",\"sign\":\"5FE4668093B1CC8A924CDF871A5E4F09\",\"time_end\":\"20180213163547\",\"total_fee\":\"100\",\"trade_type\":\"MWEB\",\"transaction_id\":\"4200000054201802132176372108\"}', '2', '299.00', '1.00', '1', '0');
INSERT INTO `hi_user_order_merge` VALUES ('1', '2017123116082119073936', '19', '', '10.00', '1', '', '2', '0', '0', '0', '1514707701', null, '2', '299.00', '10.00', '1', '0');
INSERT INTO `hi_user_order_merge` VALUES ('2', '2018010120162229511712', '29', '2018010121001004280256106618', '9.90', '2', '', '2', '1', '0', '1514809024', '1514808982', '{\"gmt_create\":\"2018-01-01 20:16:44\",\"charset\":\"UTF-8\",\"gmt_payment\":\"2018-01-01 20:17:03\",\"notify_time\":\"2018-01-01 20:17:03\",\"subject\":\"\\u8d2d\\u4e70\\u8bfe\\u7a0b\",\"sign\":\"TsFeCfAq3oVH6niAokXaduMhcboQKQCG9LWDN\\/Txd11Sk+l4SyVvwJLUtJvBoudG0Pwuiutf52Lh6cC7nSd6JpGuiyvIrFl\\/sOuecls8ZnLBwkDCbKuMwvl3aL6t+OvhmyaRo0UqXApN\\/GNssSIDOAw5dS\\/6xeJIjG9Q6VbVUGqGOevmJ1EkjhPOFhn5TH3BojMlJjOd7JfZPUTQplE3Ctnibp34qBSSZVmx\\/MDiPZVIwHx+mCKpd8\\/nUw3H3UZ1A+AfpqrcBIolqGpcltsdubcZYE2yVOiuVjdMtng\\/gH5PS\\/F4L2CAP5izI0zPY3HrT6Euc6QDuTuhgQy7Sixv7Q==\",\"buyer_id\":\"2088022698375284\",\"body\":\"<<Little Critter: Going to the Firehouse (My First I Can Read)>>\",\"invoice_amount\":\"9.90\",\"version\":\"1.0\",\"notify_id\":\"50883a5cc3bff038058bc967bc15676i5u\",\"fund_bill_list\":\"[{\\\"amount\\\":\\\"9.90\\\",\\\"fundChannel\\\":\\\"ALIPAYACCOUNT\\\"}]\",\"notify_type\":\"trade_status_sync\",\"out_trade_no\":\"2018010120162229511712-29\",\"total_amount\":\"9.90\",\"trade_status\":\"TRADE_SUCCESS\",\"trade_no\":\"2018010121001004280256106618\",\"auth_app_id\":\"2017030706087117\",\"receipt_amount\":\"9.90\",\"point_amount\":\"0.00\",\"app_id\":\"2017030706087117\",\"buyer_pay_amount\":\"9.90\",\"sign_type\":\"RSA2\",\"seller_id\":\"2088421832020664\"}', '2', '299.00', '9.90', '1', '0');
INSERT INTO `hi_user_order_merge` VALUES ('3', '2018010319552439719657', '39', '2018010321001004410221683991', '9.90', '3', '', '2', '1', '0', '1514980556', '1514980524', '{\"gmt_create\":\"2018-01-03 19:55:51\",\"charset\":\"UTF-8\",\"gmt_payment\":\"2018-01-03 19:55:56\",\"notify_time\":\"2018-01-03 19:55:56\",\"subject\":\"\\u8d2d\\u4e70\\u8bfe\\u7a0b\",\"sign\":\"hhSC2VlmZJvDmDjFR6WJCv9+VjaHDkDBfokGHfdbeFcdn24saffl4R7lp8PGmvlSiErX2ysc6VwF87+MFEh4CnPzg8waychE6aeJUNiVLOx4lvXhYbTpbNuXmVehVkN8E5DV0inH5v+o32wrVTSa0vQKlUFYdvOXPAi82yYwHUoKERrruwNr1P38A\\/WaKrYk6mbqgiTJGxk\\/cTuG7uvEueX9IHAy6cHMzEbDLrugXyoT\\/Lchk+6R3BlVHFGyCYw1mM1J17gOaFWI4h3F8I5Kjgp3xSr3MKsi6RHXRyPAHQ79s41PRN5Z3kEV4y2jg3Qty9tjuiHxoU2lsqjUGsT+8Q==\",\"buyer_id\":\"2088002025685419\",\"body\":\"<<Little Critter: Going to the Firehouse (My First I Can Read)>>\",\"invoice_amount\":\"9.90\",\"version\":\"1.0\",\"notify_id\":\"1fc8d9adb6e90134b48b96686824455j5y\",\"fund_bill_list\":\"[{\\\"amount\\\":\\\"9.90\\\",\\\"fundChannel\\\":\\\"ALIPAYACCOUNT\\\"}]\",\"notify_type\":\"trade_status_sync\",\"out_trade_no\":\"2018010319552439719657-39\",\"total_amount\":\"9.90\",\"trade_status\":\"TRADE_SUCCESS\",\"trade_no\":\"2018010321001004410221683991\",\"auth_app_id\":\"2017030706087117\",\"receipt_amount\":\"9.90\",\"point_amount\":\"0.00\",\"app_id\":\"2017030706087117\",\"buyer_pay_amount\":\"9.90\",\"sign_type\":\"RSA2\",\"seller_id\":\"2088421832020664\"}', '2', '299.00', '9.90', '1', '0');
INSERT INTO `hi_user_order_merge` VALUES ('4', '2018011220515439570294', '39', '2018011221001004410252660924', '69.00', '3', '', '2', '1', '0', '1515761554', '1515761514', '{\"gmt_create\":\"2018-01-12 20:52:29\",\"charset\":\"UTF-8\",\"gmt_payment\":\"2018-01-12 20:52:34\",\"notify_time\":\"2018-01-12 20:52:34\",\"subject\":\"\\u8d2d\\u4e70\\u8bfe\\u7a0b\",\"sign\":\"Ety\\/znEYYe1y2LkNmKqAzHT1bL3+2qmYw06cTAlPkhp7uyqa4UFdwkK9bUL1Ilu5NjvE3WAOgNyNRc5MZrufQwK2XSacYHYJNeiEGeg1aa68TOQ4AhkN44fJwjBdGWZct23PbwJ8Spn32SiqU6c\\/VySzLknWZzw7r9kkLXeHV4J0ixprroA5r0qZsviZvjp1+1Dw9qRNSYHL6aUQLYvOU\\/kzDNM7wGhfNgNb8G684C+364pwRrHsuhoNNcbWnFjyuRqU0tjbKrB1y8xQVz5Rg4c7XlskW6yt1cjgsHeH0RiZdXxts4zQ8NsglcBAbVNpxiPm6kPgPVpTkIErTw5hlg==\",\"buyer_id\":\"2088002025685419\",\"body\":\"<<\\u5916\\u6559\\u76f4\\u64ad\\u8bfe\\u7a0b>>\",\"invoice_amount\":\"69.00\",\"version\":\"1.0\",\"notify_id\":\"a801293441e06dd946fc675891bed4ej5y\",\"fund_bill_list\":\"[{\\\"amount\\\":\\\"69.00\\\",\\\"fundChannel\\\":\\\"ALIPAYACCOUNT\\\"}]\",\"notify_type\":\"trade_status_sync\",\"out_trade_no\":\"2018011220515439570294-39\",\"total_amount\":\"69.00\",\"trade_status\":\"TRADE_SUCCESS\",\"trade_no\":\"2018011221001004410252660924\",\"auth_app_id\":\"2017030706087117\",\"receipt_amount\":\"69.00\",\"point_amount\":\"0.00\",\"app_id\":\"2017030706087117\",\"buyer_pay_amount\":\"69.00\",\"sign_type\":\"RSA2\",\"seller_id\":\"2088421832020664\"}', '9999', '129.00', '69.00', '1', '0');
INSERT INTO `hi_user_order_merge` VALUES ('5', '2018011917483239986538', '39', '4200000074201801196896703499', '580.00', '3', '', '1', '1', '0', '1516355322', '1516355312', '{\"appid\":\"wx25b37cb6f68317b0\",\"attach\":\"2018011917483239986538-39\",\"bank_type\":\"CMB_CREDIT\",\"cash_fee\":\"58000\",\"fee_type\":\"CNY\",\"is_subscribe\":\"N\",\"mch_id\":\"1493811232\",\"nonce_str\":\"xxjxd6jxoxhue8cls4mjx32xogvrt9wo\",\"openid\":\"o-0VU08vvZOzWTWv8UUJOyfQphlI\",\"out_trade_no\":\"2018011917483239986538\",\"result_code\":\"SUCCESS\",\"return_code\":\"SUCCESS\",\"sign\":\"A34628962EDCA393755A5F0E87BF552B\",\"time_end\":\"20180119174841\",\"total_fee\":\"58000\",\"trade_type\":\"MWEB\",\"transaction_id\":\"4200000074201801196896703499\"}', '6', '1068.00', '580.00', '1', '0');
INSERT INTO `hi_user_order_merge` VALUES ('6', '2018012118513029403197', '29', '2018012121001004280226416836', '580.00', '2', '', '2', '1', '0', '1516531923', '1516531890', '{\"gmt_create\":\"2018-01-21 18:51:54\",\"charset\":\"UTF-8\",\"gmt_payment\":\"2018-01-21 18:52:03\",\"notify_time\":\"2018-01-21 18:52:03\",\"subject\":\"\\u8d2d\\u4e70\\u8bfe\\u7a0b\",\"sign\":\"QsZiKjJUyTgsdbQmo+AaorzC1tVkSrBbCdQjUfcpDmwsJELfXpidDhK+ncUI7NE5gSwHWXFS2HGhBbal0UysLV0Bk3KaHPExKe3hVPa9Z9YLK2VhAm1GYxejnuq5ONODnpQgDteY8\\/vb0ArM16inkumB+fJIo0hvabe3izg20GF03xK7LPZFbSZuWlZ4XC4fSKzqa0aHOvP\\/mcsgTgQjFIrK+YZvU+IDdjIquMw7p5UdC\\/ftakVYA7Vj0qU\\/1aYMZNPofnu6hMKs1Vpdj7f\\/\\/VQI7uV2PFsmqil6HsGUUyn2sAGeaN6NiJdCkR83bmgQs3ZA2y8+RWs0gmcFfqVDjA==\",\"buyer_id\":\"2088022698375284\",\"body\":\"<<Pete at the Beach & I Am Snow (\\u7cbe\\u8bfb)\\uff1b\\nI Love My Whie Shoes & I Am Water (\\u6cdb\\u8bfb\\uff09>>\",\"invoice_amount\":\"580.00\",\"version\":\"1.0\",\"notify_id\":\"d875f35e192b7bdfd07779d447be353i5u\",\"fund_bill_list\":\"[{\\\"amount\\\":\\\"580.00\\\",\\\"fundChannel\\\":\\\"ALIPAYACCOUNT\\\"}]\",\"notify_type\":\"trade_status_sync\",\"out_trade_no\":\"2018012118513029403197-29\",\"total_amount\":\"580.00\",\"trade_status\":\"TRADE_SUCCESS\",\"trade_no\":\"2018012121001004280226416836\",\"auth_app_id\":\"2017030706087117\",\"receipt_amount\":\"580.00\",\"point_amount\":\"0.00\",\"app_id\":\"2017030706087117\",\"buyer_pay_amount\":\"580.00\",\"sign_type\":\"RSA2\",\"seller_id\":\"2088421832020664\"}', '6', '1068.00', '580.00', '1', '0');
INSERT INTO `hi_user_order_merge` VALUES ('7', '2018012208524369758399', '69', '4200000065201801228533450550', '580.00', '4', '', '1', '1', '0', '1516582401', '1516582363', '{\"appid\":\"wx25b37cb6f68317b0\",\"attach\":\"2018012208524369758399-69\",\"bank_type\":\"CMB_CREDIT\",\"cash_fee\":\"58000\",\"fee_type\":\"CNY\",\"is_subscribe\":\"N\",\"mch_id\":\"1493811232\",\"nonce_str\":\"srz8nbcpzpcfjb9yg4opqjwy4ux9tdx7\",\"openid\":\"o-0VU04anlG8bYrVKwrxi7lOBDAo\",\"out_trade_no\":\"2018012208524369758399\",\"result_code\":\"SUCCESS\",\"return_code\":\"SUCCESS\",\"sign\":\"FB985EF62241CB5EF10644ED9B8BFA76\",\"time_end\":\"20180122085320\",\"total_fee\":\"58000\",\"trade_type\":\"NATIVE\",\"transaction_id\":\"4200000065201801228533450550\"}', '6', '1068.00', '580.00', '1', '0');
INSERT INTO `hi_user_order_merge` VALUES ('0', '1', '50', '', '0.00', '0', null, '0', '0', '0', '0', '0', null, '2', '299.00', '9.90', '1', '0');
INSERT INTO `hi_user_order_merge` VALUES ('0', '2', '40', '', '0.00', '0', null, '0', '0', '0', '0', '0', null, '2', '299.00', '9.90', '1', '0');
INSERT INTO `hi_user_order_merge` VALUES ('0', '3', '40', '', '0.00', '0', null, '0', '0', '0', '0', '0', null, '6', '1068.00', '580.00', '1', '0');
INSERT INTO `hi_user_order_merge` VALUES ('0', '4', '70', '', '0.00', '0', null, '0', '0', '0', '0', '0', null, '6', '1068.00', '580.00', '1', '0');
INSERT INTO `hi_user_order_merge` VALUES ('0', '5', '60', '', '0.00', '0', null, '0', '0', '0', '0', '0', null, '2', '299.00', '1.00', '1', '0');
INSERT INTO `hi_user_order_merge` VALUES ('0', '6', '80', '', '0.00', '0', null, '0', '0', '0', '0', '0', null, '6', '1068.00', '580.00', '1', '0');
